本のID,本のタイトル,教えのID,教えの内容,教えの備考,登場ページ
1,日本マクドナルド社長が送り続けてきた101の言葉,1,明日の成長は、現状の否定から始まる,「私の思考の原点」らしい。マクドナルドの100円メニューはこの発想から生まれた,1
1,日本マクドナルド社長が送り続けてきた101の言葉,2,「強み」を忘れると負ける,,22
1,日本マクドナルド社長が送り続けてきた101の言葉,3,中途入社の社員は頑張るな,組織の強みが理解できていない時に頑張ると、長所を消してしまう、みたいな話。サボれっていう話かと思ったけど違った,26
1,日本マクドナルド社長が送り続けてきた101の言葉,4,「社長賞」ではなく「お客様賞」を,マクドナルドにおける「金一封」は社長の名前でなく「お客様」と書いてあるらしい,29
1,日本マクドナルド社長が送り続けてきた101の言葉,5,厳しい上司の下につく幸運,著者が新卒で入社式で遅刻した話が書いてあった。厳しくなくても怒られる気がする,32
1,日本マクドナルド社長が送り続けてきた101の言葉,6,できない上司の下につくのも幸運,完璧な上司じゃなければ、自分がどんどん提案して仕事できる、みたいな話,35
1,日本マクドナルド社長が送り続けてきた101の言葉,7,自分には部下以上に厳しく,著者の口癖は「何度でも言うぞ」らしい。大変そうだ。,37
1,日本マクドナルド社長が送り続けてきた101の言葉,8,部下はコントロールすると育たない,犬の調教は「リードを引っ張ってはならない」らしい。部下もそれと同じなんだって。,52
1,日本マクドナルド社長が送り続けてきた101の言葉,9,会社の中のアーティストを大事にする,マーケットがどうとか、会社の規範がどうとかをアーティストに言ってはならない。良いものを作らせろ、みたいな話。真理。,55
1,日本マクドナルド社長が送り続けてきた101の言葉,10,目先の計算だけで儲けようとしない,朝6時に営業するのは、儲からなくても客の入り口を増やす、みたいな話,58
1,日本マクドナルド社長が送り続けてきた101の言葉,11,決してお客様をあやつるようなことをしてはいけない,"メガマック販売のときにパティが売り切れた。ある分だけ売ることにした、みたいな話
扇動のための数量限定ではなく、可能なだけ売っている。",80
1,日本マクドナルド社長が送り続けてきた101の言葉,12,期待値を引き上げるが、現実以上に引き上げない,客ががっかりするから。「メガマック」の文脈で出てきてるんだけど、メガマックって現実以上に引き上げてた気がして、話が入ってこない,81
1,日本マクドナルド社長が送り続けてきた101の言葉,13,お客様の不満の中に真実がある,「消費者はものを買うときに、売り手の言うことを47％、メディアの言うことを53％、他の消費者の言うことを90％信じる」らしい。アメリカの調査会社の調査らしいが、詳しい出典は書いてなかった,95
1,日本マクドナルド社長が送り続けてきた101の言葉,14,リサーチで商売をするな、商売の嗅覚を磨け,トレンドについていったら負け,106
1,日本マクドナルド社長が送り続けてきた101の言葉,15,言葉よりも「絵」の方が理解されやすい,グラフとか。ビジュアル化が大事、っていう話,122
1,日本マクドナルド社長が送り続けてきた101の言葉,16,言葉を変えるだけで行動が変わる,無茶言ってみようみたいな話,146
1,日本マクドナルド社長が送り続けてきた101の言葉,17,数時間かけて議論したことも5分で伝えろ,2時間かけて議論した報告に2時間かかったら効率は上がらない,160
1,日本マクドナルド社長が送り続けてきた101の言葉,18,結果の差は、熱い心の差である,これ言ったら終わり的な精神論急に出た！,168
1,日本マクドナルド社長が送り続けてきた101の言葉,19,修羅場でこそ真の力が試される,精神論が続く,177
1,日本マクドナルド社長が送り続けてきた101の言葉,20,整理整頓しろ,まあそうだよね,183
1,日本マクドナルド社長が送り続けてきた101の言葉,21,残業と会議の時間を短くする,まあそうだよね,194
1,日本マクドナルド社長が送り続けてきた101の言葉,22,求めるものが少ないほど、人は幸せになれる,内容は普通のことなんだけど、著者が「私は家を6回購入しています」と言って今まで買った家を紹介するのが面白かった。大卒ですぐ、バイトで貯めた金でプレハブ小屋を買ったらしい,203
2,ユダヤ人大富豪の教え～幸せな金持ちになる17の秘訣,23,殺気立つほどの熱意は、新しいことを学ぶにはかえって邪魔,ユダヤ人大富豪の家に来て一週間はリラックスするだけの時間だった,25
2,ユダヤ人大富豪の教え～幸せな金持ちになる17の秘訣,24,お金のことを忘れなさい,事実を歪めて見てはいけない、ありのままで見ろ、みたいな話。,28
2,ユダヤ人大富豪の教え～幸せな金持ちになる17の秘訣,25,自分の好きなことを仕事にした方が成功する,利益率を考える花屋より、花とお客さんが好きでそのことばかり考えている花屋の方がいい、という話。,42
2,ユダヤ人大富豪の教え～幸せな金持ちになる17の秘訣,26,自分のハートの声を羅針盤にするのだ,言ってて恥ずかしくないのかなこれ。,82
2,ユダヤ人大富豪の教え～幸せな金持ちになる17の秘訣,27,直観力を養う,大事なのは直観力を磨いて決断すること、だって。薄い話だな～,90
2,ユダヤ人大富豪の教え～幸せな金持ちになる17の秘訣,28,スピーチの天才になる,「成功者はみんな、スピーチが上手い」と言っていた。言い過ぎでは。,129
2,ユダヤ人大富豪の教え～幸せな金持ちになる17の秘訣,29,友情は人生で一番大事な財産,「人脈を大事にしろ」だって。,143
2,ユダヤ人大富豪の教え～幸せな金持ちになる17の秘訣,30,お金に良いエネルギーを入れる,「現金を、感謝しながら使うと帰ってくる」みたいな話,151
2,ユダヤ人大富豪の教え～幸せな金持ちになる17の秘訣,31,お金の知恵を身につける,「お金のことを忘れなさい」から一転。,154
2,ユダヤ人大富豪の教え～幸せな金持ちになる17の秘訣,32,たくさん稼ぐ,「お金のことを忘れなさい」から一転。,154
2,ユダヤ人大富豪の教え～幸せな金持ちになる17の秘訣,33,賢く（お金を）使う,「お金のことを忘れなさい」から一転。,156
2,ユダヤ人大富豪の教え～幸せな金持ちになる17の秘訣,34,10億円持ってるつもりで生活する,「ミリオネア・メンタリティを身につける」べきらしい。銀行の預金残高にゼロを4つ書き足すといいらしい。,220
2,ユダヤ人大富豪の教え～幸せな金持ちになる17の秘訣,35,批判する人に心から感謝する,「批判の本質は向かい風。飛行機は飛び立つときに向かい風を受けて飛ぶ」,250
3,筋トレが最強のソリューションである～マッチョ社長が教える究極の悩み解決法,36,とりあえず筋トレしてみるやつが勝つ,やってみる気持ちが大事,19
3,筋トレが最強のソリューションである～マッチョ社長が教える究極の悩み解決法,37,筋トレするともれなく自信がつきます,,20
3,筋トレが最強のソリューションである～マッチョ社長が教える究極の悩み解決法,38,自傷行為に走るなら筋繊維にしろ,,27
3,筋トレが最強のソリューションである～マッチョ社長が教える究極の悩み解決法,39,昼の仕事と夜の筋トレが最高のサイクルをもたらす,,37
3,筋トレが最強のソリューションである～マッチョ社長が教える究極の悩み解決法,40,ネガティブな感情も筋トレで消し去れる,ネガティブな感情が湧いてきたら筋トレしなさい、とのこと。,102
3,筋トレが最強のソリューションである～マッチョ社長が教える究極の悩み解決法,41,本気で筋トレすればモテすらどうでもよくなる,筋トレオタクに筋トレする理由を聞くと「分からない…」が一番多いらしい。モテるために始めているのに、いつの間にか筋トレ自体が目的になる,186
3,筋トレが最強のソリューションである～マッチョ社長が教える究極の悩み解決法,42,プロテインは最強の間食である,「神様の主食は十中八九プロテイン」、パワーワードだ。,201
4,今やる人になる40の習慣,43,デスクを「戦闘態勢」に変えておく,タスクを机の上に整理,10
4,今やる人になる40の習慣,44,日曜午後からは「戦闘モード」に戻る,日曜午後のうちにイメトレしておく,18
4,今やる人になる40の習慣,45,企画は未完成のまま「すぐ」に周囲に投げかける,スピードが命だよ、みたいな話,30
4,今やる人になる40の習慣,46,自分の犯した失敗は、すぐに記録する,失敗から学ばないとダメ,45
4,今やる人になる40の習慣,47,集中力を高める,集中した時間を記録して、徐々に伸ばしていこう、という提案,46
4,今やる人になる40の習慣,48,コミュニケーションのとり方を使い分ける,電話、メール、対面をちゃんと使い分けろ、みたいな話,58
4,今やる人になる40の習慣,49,努力はベクトル量と考える,「α×cosθの分しか努力したことになりません（分からない人は数学が得意な人に聞いてください）」という突き放し感が面白かった,62
4,今やる人になる40の習慣,50,仕事の努力はして当たり前,,66
4,今やる人になる40の習慣,51,自分の仕事にプライドを持つ,仕事が好きか、楽しいかなんてどうでもいい。プロ意識こそが大事（ 25番の教えとの矛盾がすごい）,70
4,今やる人になる40の習慣,52,陰徳あれば必ず陽報あり,影で良いことをしてれば良いことが返ってくるよ、みたいな話,74
4,今やる人になる40の習慣,53,仕事を選ばない。仕事が自分を選ぶ,林先生、8科目の授業をやったことがあるらしい,86
4,今やる人になる40の習慣,54,夢や希望をどんどん語る,出版社に就職したいと言い続けていたら紹介されて就職できた友人の話,90
4,今やる人になる40の習慣,55,トップを目指せ,ほどほどでいいや、と思うヤツはいまいち。トップを目指そう,94
4,今やる人になる40の習慣,56,飲む相手の親しさと飲む時間を反比例させろ,親しいやつといつまでも同じ話をしていても仕方ない,105
4,今やる人になる40の習慣,57,お土産上手になれ,お土産は人間関係の潤滑油,106
4,今やる人になる40の習慣,58,自信をもて,目の前のことに集中すれば自信はできてくる,113
4,今やる人になる40の習慣,59,人を乗せていい気分にさせろ,誇張して褒めろ,114
4,今やる人になる40の習慣,60,素早く「かたち」にする,入院した人にはいち早くお見舞いにいけ,121
4,今やる人になる40の習慣,61,嫉妬している暇があったら努力,嫉妬をプラスに変えよう,129
4,今やる人になる40の習慣,62,愚痴や不満を活用せよ！,いろんな発明が不満から生まれた,133
4,今やる人になる40の習慣,63,志が低い人とは付き合うな,志の低さは伝染するから,140
4,今やる人になる40の習慣,64,生活リズムは変えたり変えなかったりしろ,固定しすぎるとよくないし、変化しすぎてもよくない、みたいな話,145
4,今やる人になる40の習慣,65,たまにはグリーン車に乗ってみよう,実験は大事。人の金銭感覚を学ぶのは大事、みたいな話,149
4,今やる人になる40の習慣,66,相手が見えなくなるまで立って見送る,視野から消えるまで見送る姿は美しい、みたいな感じ。明確な根拠はなし。,153
4,今やる人になる40の習慣,67,歴史を「鏡」として多くを学ぶ,歴史には敗者の普遍的な問題点がある。反面教師にしよう、みたいな話,154
4,今やる人になる40の習慣,68,人生の「添え木」を見つける,ライバル、とは言わないが、自分が手本にできるような誠実な仕事をしている人を他の業界で見つけて励みにしよう,160
4,今やる人になる40の習慣,69,ピンホール効果を利用しよう,ピンホール効果は林先生の造語。普段見えないものがパッと見えたときのインパクトがすごい、みたいな話,169
4,今やる人になる40の習慣,70,自分を客観的に見ろ,もうひとりの自分の視点を失わない,170
4,今やる人になる40の習慣,71,善悪と好悪を分別しろ,「好きだけど悪いこと」はやめよう。「嫌いだけど良いこと」はやろう、という話。そりゃそうだ。,177
4,今やる人になる40の習慣,72,年下女性も「さん付け」にしろ,あだ名を作るおっさんは嫌われる。モテない。,181
4,今やる人になる40の習慣,73,人生のアイウエオを胸に抱け,人をアイして、ウンを逃さず、エンを尊び、オンを忘れず、だって。校長先生の話に出てきそうなヤツだ。,185
5,後悔しない生き方～人生をより豊かで有意義なものにする30の方法,74,ビジョンを実現する,海外旅行しまくりのはずだったのにそうじゃない生活になっていたから、ヨーロッパにいきなり1年行くことにした、みたいな話。生まれたばかりの子どもの世話は妹に任せたらしい。,
5,後悔しない生き方～人生をより豊かで有意義なものにする30の方法,75,心の声に耳を傾けろ,一目惚れしたからナンパして、それが今の奥さんですっていうよくある話,
5,後悔しない生き方～人生をより豊かで有意義なものにする30の方法,76,心の声に従う,前のヤツと一緒やんけ。かさ増しだ。「集団に埋没するな」みたいな話だった。クラスでは作文に打ち込めなかったけど、作文クラブでは自由にできたみたいな話。,
5,後悔しない生き方～人生をより豊かで有意義なものにする30の方法,77,正直な気持ちを打ち明ける,思ってることは打ち明けないとダメ、みたいな話,
5,後悔しない生き方～人生をより豊かで有意義なものにする30の方法,78,いちばん大切なことを優先する,そりゃそうだろ。仕事より家族が大事だったみたいな話。,
5,後悔しない生き方～人生をより豊かで有意義なものにする30の方法,79,幸せを追求する,好きな場所に住みたいから家を売って引っ越したみたいな話,
5,後悔しない生き方～人生をより豊かで有意義なものにする30の方法,80,今日という日を充実させる,病気になって家族との時間の大切さを知ったみたいな話,
5,後悔しない生き方～人生をより豊かで有意義なものにする30の方法,81,新しい日を歓迎しよう,朝は楽しく起きよう、みたいな話。,
5,後悔しない生き方～人生をより豊かで有意義なものにする30の方法,82,友情を維持する,友人関係が断絶されたら後悔する、みたいな話。,
5,後悔しない生き方～人生をより豊かで有意義なものにする30の方法,83,毎日を最大限に生きる,精一杯生きたおばあちゃんは後悔しないで死んだ、みたいな話,
5,後悔しない生き方～人生をより豊かで有意義なものにする30の方法,84,素晴らしい瞬間を心に焼き付ける,良い瞬間は忘れないように心に焼き付けろ、という話,
5,後悔しない生き方～人生をより豊かで有意義なものにする30の方法,85,モノにしがみつかない,火事になったけど、大事なものは実はそんなになかった、みたいな話,
5,後悔しない生き方～人生をより豊かで有意義なものにする30の方法,86,うまくいってないことをやめる,うまくいってないことをやめるとエネルギーが湧いてきて好転する、という話。当たり前だろ,
5,後悔しない生き方～人生をより豊かで有意義なものにする30の方法,87,何から始めるかを選択する,「一日100通のメールが来ていたが、優先度の高い10件を開いて、残りは未読で放置してから翌月頭に数千通まとめて処理していた。他の仕事もいっぱいあってパニックだった」人に「優先するものを決めなさい」と伝えたら「週に二回、1時間メールを処理する」ことになった。そしたら溜まっていた未読メールの70％は一ヶ月でなくなった、みたいなことが書いてあったけど、何このたとえ話？数千通まとめて処理していたなら溜まっていたメールは元々今月分しかなさそうだけど。あと週に二回1時間で解決するメール処理元々できてなかったの？？あと、そんな昔のメールはいまさら処理する必要ないと思うよ。っていうか「優先すべき仕事」の例で「メール処理」て……。緊急事案には元々対処してただろうし、放置してたメールの処理は優先すべきものじゃなくない？この意味不明な話なに？？,
5,後悔しない生き方～人生をより豊かで有意義なものにする30の方法,88,過去のことを悩まない,息子の出生がハリケーンの中だったから不安だったけど、占い師に大丈夫って言われて泣き崩れた、という話。,
5,後悔しない生き方～人生をより豊かで有意義なものにする30の方法,89,逆境を機会に変える,身体障害者が頑張ってパラリンピックに出た、という話,
5,後悔しない生き方～人生をより豊かで有意義なものにする30の方法,90,被害者意識を持たない,「中2の時…」と文章が始まったので実例が出そうだなと思ったら「中2の時、被害者意識を持たないことの大切さを教わった」とまさかの実例なしでゴリ押しだったのが衝撃。,
5,後悔しない生き方～人生をより豊かで有意義なものにする30の方法,91,有害な人を避ける,そりゃそうだ。人事部長が最悪だったので会社をやめた、という話。,
5,後悔しない生き方～人生をより豊かで有意義なものにする30の方法,92,とにかくやってみる,少年野球でピッチャーに初挑戦した。負けたけど何度か三振を取れた、みたいな話,
5,後悔しない生き方～人生をより豊かで有意義なものにする30の方法,93,自分を信頼する,マラソン大会、ろくに練習しないで行ったけど完走できたという話,
5,後悔しない生き方～人生をより豊かで有意義なものにする30の方法,94,心の中の恐怖と向き合う,新しいことを怖いけどやってみるといい、という話,
5,後悔しない生き方～人生をより豊かで有意義なものにする30の方法,95,障害を乗り越える,また意味不明なたとえ話。「大学院の卒業発表、ギリギリだったけどどうにか論文を書いた。発表するときに実家から応援に来てくれた両親の同席を大学側に拒まれた。ピンチだと思ったがどうにか卒業できた」みたいな話。両親が拒まれたの発表に関係ねえだろ。,
5,後悔しない生き方～人生をより豊かで有意義なものにする30の方法,96,視野を広げる,友達のジョーとスーザンが国際持ち寄りパーティーをやったらすごくよかった。だから国際交流大事、みたいな話。「よかった」具体的な内容がなかったのでたとえ話の意味まったくなし！,
5,後悔しない生き方～人生をより豊かで有意義なものにする30の方法,97,メンターに学ぶ,私はメンターから「人を尊重する大切さ」を学んだ。あなたもメンターを探して教えを請おう！みたいな話。,
5,後悔しない生き方～人生をより豊かで有意義なものにする30の方法,98,つねに心を開いておく,人種差別的なことは悲しいよ、みたいな話,
5,後悔しない生き方～人生をより豊かで有意義なものにする30の方法,99,人を無条件に愛する,アイロンでソファを焦がした青年を許した、みたいな話,
5,後悔しない生き方～人生をより豊かで有意義なものにする30の方法,100,やり直しの機会を与える,「ゴルフが…」とたとえ話っぽい始まりなのに、ゴルファーが「やり直しの機会が与えられるべきなのです」と語る、という実例なしゴリ押しパターン。,
5,後悔しない生き方～人生をより豊かで有意義なものにする30の方法,101,正しいことをする,孤児がいっぱいいるから自分たちで子どもを作らずに孤児を引き取った夫婦の話。「良心にしたがったのだ！」って美談風に書かれてた,
5,後悔しない生き方～人生をより豊かで有意義なものにする30の方法,102,相手を思いやる,子犬が暴れて困ったからよそにあげようと思ったけど思い直して頑張って調教したみたいな話,
5,後悔しない生き方～人生をより豊かで有意義なものにする30の方法,103,世の中をよりよくする,アフリカで頑張ってる人は偉い、みたいな話。ペラペラ,
6,普通に働け,104,普通に働け,ノマド的な新しい働き方はみんなに幸福などもたらさない。「意識の高さ」だけで勝負しようとする愚かな人々に警鐘を鳴らしたい、という本だった。データに裏打ちされた骨太な主張。薄っぺらい教えみたいなのはなかった。本のチョイス間違ったな。,7
7,「論語」生き方のヒント,105,目先の利益に振り回されず、損をする覚悟をしろ,子曰く、君子は義に喩り、小人は利に喩る,15
7,「論語」生き方のヒント,106,逃れられない災難なら、どっぷり浸かる,,22
7,「論語」生き方のヒント,107,貧しさを楽しもう,子曰く、約を以て之を失うものは少し,23
7,「論語」生き方のヒント,108,他人の評価を気にするな,"凶暴な牛は角を切ると死んでしまう、みたいな話
子曰く、人の己を知らざるを患えず、人を知らざるを患う",28
7,「論語」生き方のヒント,109,もっと個性的であれ,子曰く、君子は周して比せず。小人は比して周せず,33
7,「論語」生き方のヒント,110,エリートは責任を持て,"「一人ひとりが管理職になったつもりで」みたいなのは詭弁。管理職は管理職にしか見えない景色があるからそこに座ってるんだろ、みたいな話。
子曰く、其の位にあらざれば、其の政を謀らず",40
7,「論語」生き方のヒント,111,人の嫌がることはやるな,"小学校でよく聞く教えだ。これ孔子なのか。
子曰く、其れ恕か。己の欲せざる所、人に施すことなかれ",42
7,「論語」生き方のヒント,112,恥を知ることが大事,"世の中を刑罰によって治めるべきではなく、「徳」によって民を導き、「礼」をしっかり教育するべき、という孔子の有名な教え。
何回聞いても「理想主義的すぎるのでは…」と思う。",52
7,「論語」生き方のヒント,113,ギャンブルのすすめ,"食っちゃ寝してるヤツよりは、まだギャンブルしてるヤツの方がまし、みたいな話。
孔子、結構砕けたこと言ってる。
「君子のギャンブルは負けるためにやる。負けた時に平静でいるための訓練だ」みたいな著者の独自解釈も書いてあった",57
7,「論語」生き方のヒント,114,うまくなろうとするな,上記の独自解釈の続き。勝負で熱くなりすぎないために「うまくなろうとしないこと」を著者は推奨している。ゴルフとかカラオケとか、下手なりに楽しめ、と。すごい主張だ。,60
7,「論語」生き方のヒント,115,専門バカになるな,"子曰く、君子は器ならず
これちょっと原文を曲解してるような気がするけど、どうなんだろう。",74
7,「論語」生き方のヒント,116,部下には細かく知らせなくてよい。命令しよう,"子曰く、民は之に由らしむべし。之を知らしむべからず。
有名な一説。原点では民衆への話だけど、本書では部下との接し方まで敷衍している。
主張の内容は同感だ。",77
7,「論語」生き方のヒント,117,家庭を大事にしろ。会社人間になるな,孔子が「いや、俺は家庭を大事にしてるし勉強もしてるし、これはぶっちゃけ政治家ともいえるんじゃね？」と負け惜しみを言うくだり面白かった,92
7,「論語」生き方のヒント,118,言葉は大事。ちゃんと口にしよう,"子曰く、巧言令色鮮し仁
これも有名な教え（口がうまかったり見た目が優れているのは徳がない）だが、日本で曲解されていることに著者は怒る。おべっか使うのはだめだろうけど、気持ちはちゃんと口にしよう、みたいな話。",99
7,「論語」生き方のヒント,119,下手なまま楽しむ,「ゴルフやカラオケを練習しすぎるな」みたいな話、また出てきた！「イギリス人は日本人とゴルフをしたがらない。日本人は練習して上手くなりすぎるからだ」と。ホントかそれ。あと、著者が「私はカラオケがきらいだ。音感がなくてみんな上手いと恥ずかしいからだ」ってもうそれ私怨すぎる,138
7,「論語」生き方のヒント,120,世間体を気にするな！窓際族は恵まれている,著者がフランス人に窓際族の話をした時、「どれだけ会社に貢献したらそのポジションに就けるのですか？」と聞かれたらしい。,154
7,「論語」生き方のヒント,121,肉は飯より多くはとらぬ。酒だけは分量を決めないが、酔いつぶれてはならぬ。食事の際には長話をしない,"ホントはもっと長いが、「腐ったものは食べない」とか当たり前のことが書いてあったので省略。現代で意味ありそうなところだけ抜粋した。
著者はこの「食事中は長話をしない」を批判。フランスでは「会話が主催、料理は副菜」だと。",156
7,「論語」生き方のヒント,122,仮病を使ってもいい,相手が大人物なら許してくれる,162
7,「論語」生き方のヒント,123,神に祈るな,子、怪力乱神を語らず,190
7,「論語」生き方のヒント,124,死ぬ覚悟をつけよう,士は危うきを見て命を致し、…（後略）,197
7,「論語」生き方のヒント,125,憎むべきものを憎む,嫌なヤツにも良い対応をしよう、は間違いだよねという話,202
7,「論語」生き方のヒント,126,熟慮してはいけない。同じことを3回以上考えるな,同じことを3回考えたら多すぎ。考えすぎると変な結論に達してしまう。,212
7,「論語」生き方のヒント,127,恨みに対しては堂々と反撃する,"嫌なことにも良い対応したらだめだよね。ストレートに行こう、みたいな話。
直を以て怨みに報い、徳を以て徳に報いん。",234
7,「論語」生き方のヒント,128,世間のものさしを捨てる,,242
7,「論語」生き方のヒント,129,あまり反省するな！,"曽子（孔子の弟子）は、一日に三個反省した。人格を磨くために。
しかし著者の独自解釈として「でも我々はこんな賢者のマネはできないし、反省しようとしても後悔ばっかりになるから、反省なんてしなくてもいい」だって。論語全然関係ない主張だ。
あと、出版社の「三省堂」はこの曽子の三回反省というところから来ているらしい。良い豆知識。",254
8,集中力はいらない,130,集中力はいらない,「集中」とは本質的に機械になることにすぎない。あれこれ考えてつながりを見つけるのが人間の仕事だ、みたいな話,5
8,集中力はいらない,131,SNSは一切やらない,情報のノイズをへらす。ゴミはいらない,32
8,集中力はいらない,132,同時進行で色々進める,せっかちだからじっくりゆっくり取り組めない。接着剤が固まるのを待てない。でも一斉にいろんなことをやっていたらいつの間にか接着剤は硬化している,104
9,朝に生まれ変わる50の方法,133,10分早く起きろ,「成功する人とそうでない人の差は、朝の10分の差でしかない」すごい主張だ。,1
9,朝に生まれ変わる50の方法,134,大事な人には、朝会おう,朝のあなたが一番美しい,35
9,朝に生まれ変わる50の方法,135,目覚まし時計を誰かにあげてしまおう,朝目覚めないのは嫌いなことをやっているから,39
9,朝に生まれ変わる50の方法,136,悩み事は夜ではなく朝考えよう,朝のほうが前向きになれる,47
9,朝に生まれ変わる50の方法,137,夜出会った人はその場で終わり。朝出会った人が一生の友達になる,夜盛り上がったことは翌日の朝には忘れるから、だって。「朝寝ている人は出会いがなくて、一生そのままで終わってしまいます」とも。ムチャクチャな主張だ。,50
9,朝に生まれ変わる50の方法,138,一流の遊び人は、朝、遊ぶ,特に根拠も理由も書いてない。「大人は朝遊ぶ」を連呼してる。,52
9,朝に生まれ変わる50の方法,139,朝はウソをつけない。朝の判断は、常に正しい,「朝の光の中に、ウソをつけなくする成分が含まれているのです」すごい主張。,56
9,朝に生まれ変わる50の方法,140,契約は、朝しよう,前項を引き継いでの教え。,59
9,朝に生まれ変わる50の方法,141,夜、一目惚れをする人はいない,そんなことない,60
9,朝に生まれ変わる50の方法,142,忙しい人は朝つかまえよう,夜のスケジュールは埋まっている人も朝は空いている、という話。めちゃくちゃな教えの中で、この教えだけ急に妥当だ。,67
9,朝に生まれ変わる50の方法,143,チャンスは、朝しかつかめない,そんなことない。,68
9,朝に生まれ変わる50の方法,144,夜しようとしていることを、朝しよう,”「朝イチ」という言葉があります。朝、いちばん早くという意味です。”名言の解説風フォーマットなのに当たり前のこと書いてて笑う,70
9,朝に生まれ変わる50の方法,145,朝、鏡を見てとびきりの笑顔で笑おう,朝鏡の前で笑顔になれたらいい一日になる、みたいな話,75
9,朝に生まれ変わる50の方法,146,どんなに早く起きても、それ以上に早く起きている人がいる,そりゃそうだろう,76
9,朝に生まれ変わる50の方法,147,睡眠時間が足りない人は1人もいません,すごい主張だ,81
9,朝に生まれ変わる50の方法,148,ベッドから出る勢いが、1日の勢いになる,すごい主張だ,84
9,朝に生まれ変わる50の方法,149,5分間の二度寝で、あなたのその日の24時間はもう死んでしまう,すごい主張だ,86
9,朝に生まれ変わる50の方法,150,大事な情報は、朝しか手に入らない,すごい主張だ,100
9,朝に生まれ変わる50の方法,151,TVは、夜より朝が面白い,"ゴールデンタイムとは？
一応根拠らしきものとして「朝は地元局制作の番組が多い」が挙げられているが、だから何なのか。",100
9,朝に生まれ変わる50の方法,152,朝日で目が覚めるのが一番の贅沢,そうだね,104
9,朝に生まれ変わる50の方法,153,（旅先は）朝ごはんが始まると、ただの観光地になってしまう,「朝ごはんの時間よりも前にウロウロしないと、街の素顔が見られない」という主張。「観光客が来る前が、本当の朝市なのです」って、朝市はそりゃそうだろうけど他の場所はそうでもないだろ。,111
9,朝に生まれ変わる50の方法,154,「朝の仲間」に話しかけてみよう,電車で毎日見かける人は仲間だから声をかけろという話。根拠は特になし。,115
9,朝に生まれ変わる50の方法,155,朝、勉強しよう,朝は捗るという話,119
9,朝に生まれ変わる50の方法,156,朝、散歩しよう,朝は大自然のリズムがある、動物園の動物も朝は元気だ、みたいな話,123
9,朝に生まれ変わる50の方法,157,朝日を浴びよう,「映画の中で、もうダメだと思った主人公が逆襲する場面には、必ず朝日が当たっています」→そんなことはない,129
9,朝に生まれ変わる50の方法,158,移動をするなら、早朝便を狙おう,混んでる時期の飛行機とかも、早朝なら意外とチケット取れる、みたいな話。だから急に妥当なこと言うな,135
9,朝に生まれ変わる50の方法,159,朝、近所の樹と語りあおう,「樹は、朝、自分に語りかけてくれる人を、ご主人と考えるのです（中略）樹と友達になるには、まず樹の名前を覚えることです。（中略）朝、あなたが声をかけてまわれば、そこはすべて、あなたの庭になるのです」キングオブすごい主張だ。,136
9,朝に生まれ変わる50の方法,160,朝、出かける前に、服を選ぼう,そりゃそうだろう,143
9,朝に生まれ変わる50の方法,161,朝、会った人に元気よく挨拶をしよう。,そりゃそうだろう,147
9,朝に生まれ変わる50の方法,162,朝考えれば、誰でもアイデアの天才になれる,そんなことない,148
9,朝に生まれ変わる50の方法,163,朝、夢日記をつけよう,夢にはアイデアが含まれている、みたいな話,155
9,朝に生まれ変わる50の方法,164,朝、甘いものを食べよう,朝食べないと頭がまわらない、みたいな話,167
9,朝に生まれ変わる50の方法,165,まず、窓をあけよう,朝は新鮮な酸素を取り入れよう、みたいな話,171
9,朝に生まれ変わる50の方法,166,しなければならないことがあることに感謝しよう,世の中に必要とされている証拠だよ、みたいな話,175
9,朝に生まれ変わる50の方法,167,残業、宿題は朝しよう,「朝の1時間は夜の5時間に値する」→そんなことはない,178
9,朝に生まれ変わる50の方法,168,打ち合わせは、朝しよう,朝やればダラダラしない、みたいな話,183
9,朝に生まれ変わる50の方法,169,朝、深呼吸をしよう,「朝、10分早く起きるだけで何十年も長生きできるのです」すごい主張だ,199
9,朝に生まれ変わる50の方法,170,朝、コップ3杯の水を飲もう,老廃物をちゃんと流せ、みたいな話,207
9,朝に生まれ変わる50の方法,171,朝のテーマ曲を流そう,テンションが上がるから、だって,211
9,朝に生まれ変わる50の方法,172,朝、芸術活動をしよう,「一流の芸術家は、みんな早起きだ」だって。そんなことはない。,215
9,朝に生まれ変わる50の方法,173,朝一番に職場に行こう,朝バリバリ働いてるから偉くなる、みたいな話,219
9,朝に生まれ変わる50の方法,174,朝こそ、リラックスしよう,「健康な人の心臓は、上からさわってもまったくドキドキしていません。どこにあるかわからない、これがいちばんベストな心の状態です」すごい主張だ。,222
10,本は10冊同時に読め！,175,全然違うジャンルの本を10冊同時に読め,”「最近読んだ本はハリポタ、セカチュー」という人は、救いようのない低俗な人である”だって。前書きから攻撃性がすごい。,4
10,本は10冊同時に読め！,176,本は最後まで読む必要はない,最後まで書くの虚しくならないのかな,20
10,本は10冊同時に読め！,177,まずは「成功本」を捨てよ,やべ、この企画全否定だ。,52
10,本は10冊同時に読め！,178,どんなに偉い人でも、本を読まない人間を尊敬する必要はない,言い過ぎでは,57
10,本は10冊同時に読め！,179,本嫌いの人と付き合う必要はない,言い過ぎでは,58
10,本は10冊同時に読め！,180,テレビの時間を切り捨てろ,「情熱大陸」と「プロフェッショナル」はいいらしい,81
10,本は10冊同時に読め！,181,行列に並ぶくらいなら時給を払って並んでもらえ,「行列」と「混雑」は二大ムダ,89
10,本は10冊同時に読め！,182,「1日は40時間」と考える,無理が効く若いウチはがむしゃらに働け,100
10,本は10冊同時に読め！,183,一見ムダな時間、これが大切,"スケジュールをガチガチに書いているヤツはダメ。仕事の合間に本を読むくらいじゃないと。
※前項との対応の取れなさがすごい",102
10,本は10冊同時に読め！,184,ありきたりな話題を仕込むより、マニアックな話題を,アメリカ人のエリートは「金持ち父さん貧乏父さん」を読んでいたとしても、絶対に人には言わない。それどころか知らないフリをする、知っていること自体恥ずかしいから、らしい。ホントかそれ。,108
10,本は10冊同時に読め！,185,ベストセラーは読まなくても、目次と前書きだけ読んで読んだことにする,僕もよくやってる。,111
10,本は10冊同時に読め！,186,売り場面積の広い本屋に行って本は大人買いしろ,マニアックなものもある本屋がいい。一気にいろんな種類の本を買って一気に読もう,117
10,本は10冊同時に読め！,187,読書メモは取らない,またこの企画全否定だ。ごめん。メモどころかスプレッドシートつけちゃってごめん。,127
10,本は10冊同時に読め！,188,文豪の名作は人生の糧にならない,夏目漱石の「吾輩は猫である」、梶井基次郎の「檸檬」、田山花袋の「蒲団」を読んだところで、何をどう感じるというのだろうか、って言ってる。文学に興味ない人がうっすら思ってること切り込んで小気味いい。あと、村上春樹「海辺のカフカ」に衝撃を受けすぎて一週間仕事が手につかなかったらしい。いわゆる読書好きはミーハー呼ばわりを嫌って村上春樹をあまり褒めないので、すごい新鮮だ。,161
10,本は10冊同時に読め！,189,本は捨てない、借りない、貸さない,読んできたものが私そのものだ、みたいな話,164
11,週末に生まれ変わる50の方法,190,月曜の朝をワクワクして待とう。,月曜の朝が待ち遠しくなるような過ごし方がいいよ、という話。特に具体的な方法論は書いてない,
11,週末に生まれ変わる50の方法,191,土日を真ん中にしたスケジュール帳を作ろう,"「普通のスケジュール帳は土日が端っこにあってスペースも少ない。土日を中心に日々を組み立てるために土日を真ん中にしたスケジュール帳を作ろう」だって。めんどくせ！
「土日はウィークエンドではなくウィークセンターだ」という意味不明な供述もあり。",
11,週末に生まれ変わる50の方法,192,週末に行く場所の予約を入れよう,「平日を楽しくするために、神様は週末を作ったのです」って書いてある。聖書読んだことある…？,
11,週末に生まれ変わる50の方法,193,土曜日は早起きしよう,早起きした方が週末を長く楽しめるから、だって。そりゃそうだ。,
11,週末に生まれ変わる50の方法,194,週に1日は、誰とも話さない日をもとう,1人にならないとできないこと（本を読んだり考えたり）がある、みたいな話,
11,週末に生まれ変わる50の方法,195,ベッドの向きを変えてみよう,週末は気分を変えた方がいいから、という話,49
11,週末に生まれ変わる50の方法,196,家中の窓を開けて、「週末温泉」に入ろう,昼から窓を開けて自宅の風呂に入れば、温泉に入ったつもりになれる、みたいな話,53
11,週末に生まれ変わる50の方法,197,荷物を減らせば、運を呼び込むスペースができる,"出たー！スピリチュアルなヤツ！
「読みかけの雑誌を捨てろ」みたいな話",54
11,週末に生まれ変わる50の方法,198,思い切り泣いてみよう,泣くとすっきりする、みたいな話,61
11,週末に生まれ変わる50の方法,199,カーテンを洗濯しよう,カーテンがきれいになると心がキレイになる、だって,65
11,週末に生まれ変わる50の方法,200,本を読もう。または、本を買おう,「たまには、むずかしい本と格闘してみることも大切です」だって。自己否定だ。,69
11,週末に生まれ変わる50の方法,201,幹事役になって、自分で計画を立てよう,幹事の苦労はやらないと分からない、みたいな話,73
11,週末に生まれ変わる50の方法,202,お寺や神社で霊的なパワーを授かる,はいはい、そういうヤツね。,77
11,週末に生まれ変わる50の方法,203,手に入れたいものの写真を切り抜いて貼っておくと、必ず手に入る,「必ず」！？言いすぎじゃない？？そしたら俺石原さとみの写真とか貼っておくけど大丈夫！？必ず！？,82
11,週末に生まれ変わる50の方法,204,近所のホテルに泊まると、外国人になれる,「ホテルに泊まるだけで、きっと新鮮な発見があるはずです」だって。具体論はなし。,85
11,週末に生まれ変わる50の方法,205,寝取り戻しをしよう,"「寝だめ」はできないが、「寝取り戻し」はできる、らしい。たまには休むのも大事、だって。
同じ著者の「睡眠時間が足りない人は〜」と矛盾してるぞ",89
11,週末に生まれ変わる50の方法,206,バカなことをしよう,週末はムダなことをするためにある、みたいな話,93
11,週末に生まれ変わる50の方法,207,汗をかこう,嫌なことを汗と一緒に流す,97
11,週末に生まれ変わる50の方法,208,衝動買いをしよう,「衝動買いをするとエネルギーが湧いてくるのです」すごい主張だ。,98
11,週末に生まれ変わる50の方法,209,靴をまとめて磨こう,靴を磨くとフットワークが軽くなる、すごい主張だ,105
11,週末に生まれ変わる50の方法,210,週末は三日間ある,すごい主張だ。「金曜の夕方から月曜の朝までだから」ということらしい。すごい主張だ,109
11,週末に生まれ変わる50の方法,211,腕時計を外そう,時間を気にするな、ということらしいが「動かない時計をしている人はオシャレだ」と言っている。すごい主張だ。,113
11,週末に生まれ変わる50の方法,212,自分のために週間報告書を書こう,日記はキツくても一週間に一度なら、みたいな話,117
11,週末に生まれ変わる50の方法,213,長編もののマンガを読破しよう,まとめて読むとどっぷり浸かれて楽しい、みたいな話,121
11,週末に生まれ変わる50の方法,214,外国人に道を教えよう,「外国人に道を教えるとどうして興奮するのだろう」って書いてある。まさかの質問である。僕は別に興奮しない。,125
11,週末に生まれ変わる50の方法,215,子どもに絵本を読んであげよう、または読んでもらおう,子どもと遊ぶと遊び方を思い出す。つまらない大人にならなくて済む、みたいな話,129
11,週末に生まれ変わる50の方法,216,たまっていた手紙の返事を書こう,手紙を書くと返事が来るからポストを覗くのが楽しい、みたいな話,133
11,週末に生まれ変わる50の方法,217,花を買おう,心に余裕がないと花は買えない、花から余裕が生まれる、みたいな話,137
11,週末に生まれ変わる50の方法,218,近所の知らないお店に入ってみよう,冒険をしましょう、というゴリ押し,141
11,週末に生まれ変わる50の方法,219,オールナイトで星を見ると、宇宙のエネルギーを受信できる,はいはいそういうやつね。,142
11,週末に生まれ変わる50の方法,220,2泊3日で海外に行こう,金曜の夜に出て、月曜の朝に帰ってくる東南アジアツアーをおすすめしてる,149
11,週末に生まれ変わる50の方法,221,わざわざ混んでいるところに行こう,すごい主張だ。「人が集まるところには、磁力のようなパワーがあるのです」だって。根拠は特にない。,153
11,週末に生まれ変わる50の方法,222,落書きは、どうして気持ちが、いいのだろう,突然の五・七・五。平日は清書だから休日は落書きしよう、みたいな話,154
11,週末に生まれ変わる50の方法,223,奇跡は、週末に起こる。,すごい主張だ。週末は平日にはできないことをやろう、という話。具体例一つもなし,161
11,週末に生まれ変わる50の方法,224,下りホームから電車に乗ろう,会社に行くいつもの電車と逆向きの電車に乗ろう、みたいな話,165
11,週末に生まれ変わる50の方法,225,誰もいない職場に行くと、職場の神様と仲良くなれる,行かなくていい職場に行くのが贅沢、みたいな話。前項と矛盾。,166
11,週末に生まれ変わる50の方法,226,ぜいたくな朝食を楽しもう,「生活が豊かかどうかは朝食で決まる」すごい主張だ。,173
11,週末に生まれ変わる50の方法,227,NHK教育テレビを一日中見よう,だらだら見ると新しい発見がある。NHK教育は視聴率を気にせず作ってるからマニアックだ,177
11,週末に生まれ変わる50の方法,228,オリジナルの陶器を作ってみよう,人間は土から生まれ土に帰るから、土に触れると安心する、みたいな話。泥んこ遊びでもいいらしい,181
11,週末に生まれ変わる50の方法,229,樹に、手で触って会話してみよう,「樹は、気に通じます。樹が、あなたに安らぎをくれるでしょう」などと意味不明な供述,185
11,週末に生まれ変わる50の方法,230,水のあるところにいって波を見よう,人間は大昔、水の中に住んでいたから、水は落ち着く、みたいな話。土と同じシリーズだ。,189
11,週末に生まれ変わる50の方法,231,「今週の一番」を決めよう,「今週一番○○だったもの」を決めるといいみたいな話。”「ベスト・オブ・今週の一番」を表彰しましょう”って書いてあるけど、ベストと一番で意味かぶってるよ。,197
11,週末に生まれ変わる50の方法,232,お香をたこう,ゆっくりしよう、みたいな話,201
11,週末に生まれ変わる50の方法,233,行方不明になろう,「誰だってホームレスになりたいときがある」って書いてあった。すごい主張だ。,204
11,週末に生まれ変わる50の方法,234,仕事を忘れよう,「週末、記憶喪失になろう」って書いてあった。すごい主張だ,209
11,週末に生まれ変わる50の方法,235,習い事をしよう,週末は未来のために使おう、みたいな話,213
11,週末に生まれ変わる50の方法,236,遠くの景色を見よう,理由は書いてなかった。,221
11,週末に生まれ変わる50の方法,237,別人になろう,週末は平日とガラッとキャラを変えよう、みたいな話,225
12,欲ばらないこと〜役立つ初期仏法法話13,238,欲がないほうがいい,"たとえ話が意味不明な供述で面白かったので丸ごと抜粋。マジで何言ってるのこれ？？？
”欲の長所と短所についてたとえると、「10万円欲しければ50万円ぶんの仕事をしなくてはいけない」という感じになるのです。それでも10万円を手に入れようと、二ヶ月間、ものすごく働いてなんとか10万円を貯めたとします。しかし、あっという間に使ってしまいます。そんな感じで、まったく割に合いません”",92
12,欲ばらないこと〜役立つ初期仏法法話13,239,必要なものだけで生きる,"「欲しいもの」と「必要なもの」は分けた方がいい、必要なものは案外低コストで手に入る、みたいな話。
話自体はまっとうなんだけど、たとえ話も文章も貧弱すぎる。
”東日本大震災のあと、東京でミネラルウォーターが手に入りにくくなりました。しかし、「赤ちゃんが健康に育つためにきれいな水が必要だ」となったら、なんとか手に入るものなのです。たとえば私が、その時期にやっと店からミネラルウォーターを一本買ったとしましょう。そのとき、あるお母さんが赤ちゃんを抱っこして困っている姿がちょっと目に入ったら、私は水をサッとあげます。「はい。これ使ってください」と、なんの躊躇もなく、「赤ちゃんにこれを飲ませてください」と申し出ます。”
いや説得力がない！まさかの架空の話！たとえ話の意味が全くない！！",121
12,欲ばらないこと〜役立つ初期仏法法話13,240,子孫を作る目的以外の性行為は悪。するな。,ここの主張もひどかった。短文に「しかし」が二回連発して論理構造がグチャグチャだった。,174
12,欲ばらないこと〜役立つ初期仏法法話13,241,「施し」を与えよう,人にものをあげていれば良いエネルギーに満ちているから、良いものが向こうからやってくる、みたいな話,204
13,出世する男はなぜ、セックスが上手いのか？,242,セックスが上手くなれば、ビジネスでも成功できる,すごい主張だ。「セックスが上手くなったら、仕事もうまくいくようになりました！」という人の声も紹介していた。進研ゼミ的なヤツだ。,5
13,出世する男はなぜ、セックスが上手いのか？,243,俳句を一句読むような気持ちで、キスを楽しみましょう,パワーワードだ。「小さなことに感動するのがセックスでは大事。カエルが池にポチャンと飛び込むことに感動する感性を持とう、みたいな話,24
13,出世する男はなぜ、セックスが上手いのか？,244,肉食であれ。セックスを求めろ,”欲望を持て。成功者は必ず大きな欲望を持っている”だって。「欲ばらないこと」と真っ向から矛盾だ,29
13,出世する男はなぜ、セックスが上手いのか？,245,利他的精神を持て,相手の女性を喜ばせることが第一、みたいな話,32
13,出世する男はなぜ、セックスが上手いのか？,246,常に相手の良いところを探す,著者の失敗談”レジにいたHカップくらいある女性に「ウワー、大きな胸ですねぇ」と思ったことをそのまま口に出してしまった”がめっちゃおもろかった。「ウワー」の破壊力よ,35
13,出世する男はなぜ、セックスが上手いのか？,247,地道にコツコツ努力を続ける,”アダムタッチというフィンガーテクニックが…”と、アダムタッチという言葉が突然出てきたのがおもろかった。（著者の「アダム徳永」が提唱する愛撫の方法）,40
13,出世する男はなぜ、セックスが上手いのか？,248,ビジネスとセックスはイコールである,すごい主張だ。,43
13,出世する男はなぜ、セックスが上手いのか？,249,いばるだけの上司＝自称テクニシャン,大事なのは素直になること、だって。意外とまともな主張。「勝ちに不思議の勝ちあり、負けに不思議の負けなし」という野村克也の格言をセックスで女性をイカせることに敷衍して語っててすごかった,44
13,出世する男はなぜ、セックスが上手いのか？,250,部内マネジメント＝ベッドでのシナリオ作り,すごい主張だ。ダラダラ先が見えるセックスをするな、みたいな話,58
13,出世する男はなぜ、セックスが上手いのか？,251,目標達成能力＝絶頂まで粛々と行う愛撫,"女性を絶頂に達させるまで、反応が少なくても淡々と頑張る、みたいな話。ここで笑ってしまった
”すると、30分が過ぎたころ、アフンと切ない声がもれてくるのです。このアフンがなんと可愛く思えることか。なぜなら、私が途中で自信をなくして愛撫をやめていたら、聞くことができなかったアフンなのですから”",64
14,「正論バカ」が職場をダメにする,252,理屈に合わないことを言われても自己主張するな,人は理屈ではなく感情で動く、ムダに思えても職場のスタンダードになってることには意外と意味があるものだ、みたいな話,22
14,「正論バカ」が職場をダメにする,253,正論で説得するのではなく、日頃から気持ちをつなぐことを大事に,交渉上手ってそういうことだよ、相手を説き伏せるんじゃないよ、みたいな話,30
14,「正論バカ」が職場をダメにする,254,ネガティブな感情をコントロールせよ,感情をコントロールできないと人間関係はこじれるよ、という話,37
14,「正論バカ」が職場をダメにする,255,会議では理屈だけでなく、気持ちのケアを考慮する,日本人の会議は体面を気にしないといけないよ、という話,40
14,「正論バカ」が職場をダメにする,256,日本人にディベート力はいらない、日本的コミュニケーションを学べ,すごい主張だ。全く同意できないけどこういうめちゃくちゃを言う人は好きだ。,49
14,「正論バカ」が職場をダメにする,257,論破より共感。察する能力が大事,前項に続く,53
14,「正論バカ」が職場をダメにする,258,優劣をはっきりさせない,相手との関係性を保つために、という話,56
14,「正論バカ」が職場をダメにする,259,ムダな会議は体面を保つという意味がある,AかBかをズバッと決めると採用されなかった方の体面が悪い。体面を保つためにダラダラ折衷案を探ったりする,64
14,「正論バカ」が職場をダメにする,260,情緒的コミュニケーションをおろそかにしてはならない,仕事のことばっかり話して道具的コミュニケーションだけじゃダメだよ、部下には親しみを持ってもらうことが大事、みたいな話,96
14,「正論バカ」が職場をダメにする,261,気の利いた質問は要らない,質問をすることで相手に「関心がありますよ」と思ってもらうことが大事,169
14,「正論バカ」が職場をダメにする,262,テクニックで仕事をしてはいけない,"この企画全否定だ！
「人と真摯に向き合うのが大事」みたいな話",185
15,「いいこと」がいっぱい起こる！自分を磨く100の習慣,263,やりたいことを見つけよう,やりたくないことをリストアップしてみるといいかも、みたいな,
15,「いいこと」がいっぱい起こる！自分を磨く100の習慣,264,自分の味方をたくさん作る,相手に真摯に向き合おうみたいな感じ,
15,「いいこと」がいっぱい起こる！自分を磨く100の習慣,265,運のいい人たちと仲良くする,運のいい人たちは良い”気”を放っているんだって、はいはい。,
15,「いいこと」がいっぱい起こる！自分を磨く100の習慣,266,自分の夢をたくさんの人に伝える,言った方が早いよ、だって,
15,「いいこと」がいっぱい起こる！自分を磨く100の習慣,267,死ぬまでにやっておかないと後悔することを見つけよう,被ってる！！！4個前の教えと被ってる！！被るの早！！,
15,「いいこと」がいっぱい起こる！自分を磨く100の習慣,268,偉人から、人生を学ぶ,憧れの偉人を研究すれば、あなたの開運行動が分かってきます、だって。開運…,
15,「いいこと」がいっぱい起こる！自分を磨く100の習慣,269,相手のプラスになることを最初に与える,与え上手は強運体質、だって。運か…,
15,「いいこと」がいっぱい起こる！自分を磨く100の習慣,270,「明るい・楽しい・幸せ」をたくさんする,心身にプラスの気が入る、だって,
15,「いいこと」がいっぱい起こる！自分を磨く100の習慣,271,小さな目標をクリアしていく,「ビッグなステーキは、一口ずつ食べればいいのです！」だって。,
15,「いいこと」がいっぱい起こる！自分を磨く100の習慣,272,直感で「いい」と感じたら、のってみる,「恋愛もそう。「感じ」という、相手の”心”をとらえて選んでいるから、うまくいくのです」だって。,
15,「いいこと」がいっぱい起こる！自分を磨く100の習慣,273,どんなにツラくても、夢を諦めない,"「エジソンは諦めなかったから成功した」という死ぬほど薄い引用。
「諦めなければ神様がご褒美として、」だって。神様…",
15,「いいこと」がいっぱい起こる！自分を磨く100の習慣,274,思い切った行動をする,無理そうなことでも強い気持ちでやればなんとかなる,
15,「いいこと」がいっぱい起こる！自分を磨く100の習慣,275,眠る前に今日一日の自分に感謝する,細胞が動いていることに感謝、みたいな。,
15,「いいこと」がいっぱい起こる！自分を磨く100の習慣,276,鏡の中の、自分を励ます,"出た。鏡系だ。D146の「朝、鏡を見てとびきりの笑顔で笑おう」と近いな。
「自分の顔にエネルギーを送り込む」だって。",
15,「いいこと」がいっぱい起こる！自分を磨く100の習慣,277,過去の成功を数えてみる,自信を持とうぜ、みたいな話,
15,「いいこと」がいっぱい起こる！自分を磨く100の習慣,278,自信がある人にも欠点はある,だから安心しろ、みたいな。,
15,「いいこと」がいっぱい起こる！自分を磨く100の習慣,279,欠点も含めて、自分を受け入れる,自分を抱きしめ、励ましてあげましょう、だって。だから3個前の教えと被ってんだよな,
15,「いいこと」がいっぱい起こる！自分を磨く100の習慣,280,他人に合わせて自分を犠牲にしない,自分の心に正直に、みたいな,
15,「いいこと」がいっぱい起こる！自分を磨く100の習慣,281,自分の幸せの基準を持つ,ウキウキすれば、心にプラスのエネルギーがたまる、はいはい。,
15,「いいこと」がいっぱい起こる！自分を磨く100の習慣,282,不安な要素は紙に書いて燃やす,"突然のバイオレンス！！
「火が怖い人は、紙を破って捨てるという方法でも構いません」だって。",
15,「いいこと」がいっぱい起こる！自分を磨く100の習慣,283,神社にお守りを買いに行く,出た！神社シリーズだ！「占いと違って、神頼みにはマイナスの暗示がかけられる可能性がない」から良いらしい。,
15,「いいこと」がいっぱい起こる！自分を磨く100の習慣,284,映画の主人公になりきる,「多くの人が実践して、パワーを取り戻しています！」だって。,
15,「いいこと」がいっぱい起こる！自分を磨く100の習慣,285,瞑想でマイナスエネルギーを追い出す,はいはい,
15,「いいこと」がいっぱい起こる！自分を磨く100の習慣,286,笑いのセンスを磨く,バラエティ番組を見ておくといい、みたいな。,
15,「いいこと」がいっぱい起こる！自分を磨く100の習慣,287,人の夢を、応援する,みんなで幸せになるといいみたいな,
15,「いいこと」がいっぱい起こる！自分を磨く100の習慣,288,人の幸せを一緒に喜んであげる,"”仏教に「随喜功徳」という言葉があります”
ずっとペラペラな話だったのに、突然ちゃんとした引用出てきてびっくりした。主張の内容は相変わらずペラペラだったけど",
15,「いいこと」がいっぱい起こる！自分を磨く100の習慣,289,悩みをとことん聞いてあげる,"”仏教ではこれを「抜苦与楽」といいます”
仏教の引用に味を占めるな。",
15,「いいこと」がいっぱい起こる！自分を磨く100の習慣,290,優しい眼差しで接する,"”仏教の「無財の七施」という教えに「眼施」があります”
だから、味を占めるな。",
15,「いいこと」がいっぱい起こる！自分を磨く100の習慣,291,「場所」を譲る心をもつ,"”仏教に「床座施」という言葉があります”
あ、これさっきの七施の続きだね。もう仏教から逆算して教えを作ってるのかなこれ",
15,「いいこと」がいっぱい起こる！自分を磨く100の習慣,292,人の痛みを、自分の痛みのように感じるようにする,"”仏教の「無財の七施」に、「心施」というのがあります”
はい決まり〜。仏教から逆算してるなこいつ。色々リサーチせずに一気に引用できて楽だからな。",
15,「いいこと」がいっぱい起こる！自分を磨く100の習慣,293,イヤな人にほど、優しくしてあげる,仏教ゾーンが終わり、また引用がなくなった。イヤな人はあなたの精神レベルを上げる「開運パーソン」です、だって。はいはい。,
15,「いいこと」がいっぱい起こる！自分を磨く100の習慣,294,人に元気パワーをあげる,元気が出ないと感じたら、太陽の光を10〜20分ほど浴びてみてください、って書いてある。見出しと本文の教えが食い違ってる。,
15,「いいこと」がいっぱい起こる！自分を磨く100の習慣,295,「味方」だと伝える,味方になったらどんな運も引き寄せられる、だって,
15,「いいこと」がいっぱい起こる！自分を磨く100の習慣,296,マッサージをしてあげる,ぬくもりは大きな幸せを与える最高のプレゼント、だって。,
15,「いいこと」がいっぱい起こる！自分を磨く100の習慣,297,相手の「知りたいこと」を教えてあげる,ビジネスは情報と人脈が命、って書いてあるわ。うん。こんな本読んでないで情報が書いてある本読んだらいいよね,
15,「いいこと」がいっぱい起こる！自分を磨く100の習慣,298,笑顔のオーラでまわりを明るくする,"”仏教に「和顔施」という言葉があります”
さっきの「七施」の続きじゃねえか！！ちょっと散らしてカモフラージュすんな！！",
15,「いいこと」がいっぱい起こる！自分を磨く100の習慣,299,「癒し系」になってみる,癒し系はすべての運を手に入れる、だって,
15,「いいこと」がいっぱい起こる！自分を磨く100の習慣,300,愛のある「叱りの言葉」を伝える,言い方一つで変わる、だって。,
15,「いいこと」がいっぱい起こる！自分を磨く100の習慣,301,逆境での時間を大切に使う,逆境は自分を磨くチャンス！だって。,
15,「いいこと」がいっぱい起こる！自分を磨く100の習慣,302,裏切った人は、縁のない人だと考える,恨んだらダメ、という話,
15,「いいこと」がいっぱい起こる！自分を磨く100の習慣,303,ねたまれても、落ち込まないようにする,それだけ魅力的だと考えよう、だって。,
15,「いいこと」がいっぱい起こる！自分を磨く100の習慣,304,自分が”ほめられたこと”を思い出してみる,自信になる、だって。D278とほぼ被ってるけどな。,
15,「いいこと」がいっぱい起こる！自分を磨く100の習慣,305,何がなんでも！プラスにとらえる,悲観的にとらえたらその瞬間からあなたはマイナスの波動に包まれ、運気が低下してしまいます、だって。はいはい。,
15,「いいこと」がいっぱい起こる！自分を磨く100の習慣,306,トラブルは、未来の成功のための毒出し,神様からの軌道修正、はいはい。,
15,「いいこと」がいっぱい起こる！自分を磨く100の習慣,307,不安や悩みは、誰かに話す,「誰かに話す」系がまた来た。これ、MECEで整理しなおしたら100の教えが10個くらいになりそうだな。,
15,「いいこと」がいっぱい起こる！自分を磨く100の習慣,308,悪い思い出は忘れる,そうだね。,
15,「いいこと」がいっぱい起こる！自分を磨く100の習慣,309,年齢にとらわれない,たとえとして「40歳を過ぎたらミニスカートはだめとか思わない」って書いてあるんだけど、40を過ぎてこの本読んでるヤツは引くわ。,
15,「いいこと」がいっぱい起こる！自分を磨く100の習慣,310,つらい経験を引きずらないようにする,だから、2個前「悪い思い出は忘れる」と被ってるよ。,
15,「いいこと」がいっぱい起こる！自分を磨く100の習慣,311,同じミスは繰り返さない,今度こそ頑張れ、って書いてある,
15,「いいこと」がいっぱい起こる！自分を磨く100の習慣,312,マイナスのエネルギーはただちに追い出す,汗をかけ、あと、イヤなことから学びを見つけろ、みたいな話,
15,「いいこと」がいっぱい起こる！自分を磨く100の習慣,313,嫉妬心は、身を滅ぼすと考える,”Sさんの話をしましょう”で、「お！しっかりしたエピソードが来るか！」と思ったけど、”浮気をされて別れたけど、別れない方がよかった”というペラペラなエピソードだった,
15,「いいこと」がいっぱい起こる！自分を磨く100の習慣,314,恨みや憎しみを抱えているときは、何もしない,”お風呂に入りましょう”って書いてある。何もしないんちゃうんか,
15,「いいこと」がいっぱい起こる！自分を磨く100の習慣,315,因果応報の意味をとらえる,悪いことしちゃったら謝ろう、みたいな話,
15,「いいこと」がいっぱい起こる！自分を磨く100の習慣,316,いつもと違う色の服を着る,明るい色を着ると明るくなる、みたいな話,
15,「いいこと」がいっぱい起こる！自分を磨く100の習慣,317,自分だけの「幸福の時間」をつくる,ネイルとかカフェとかしよう、みたいな話,
15,「いいこと」がいっぱい起こる！自分を磨く100の習慣,318,気になる勉強会や趣味の会に参加する,精神レベルが高い人に知り合える、みたいな話,
15,「いいこと」がいっぱい起こる！自分を磨く100の習慣,319,写経をしてみる,イライラを浄化できる、みたいな話,
15,「いいこと」がいっぱい起こる！自分を磨く100の習慣,320,真剣に、自分の人生について考える,ときには真剣に考える時間が必要です、だって。そうだね、この本を読んでる人にはその呼びかけが必要そうだね,
15,「いいこと」がいっぱい起こる！自分を磨く100の習慣,321,プロのカメラマンに写真を撮ってもらう,女優のように輝けます、みたいな話,
15,「いいこと」がいっぱい起こる！自分を磨く100の習慣,322,行き先を決めない旅に出る,刺激的なことをするのが運を上げる秘訣です、だって,
15,「いいこと」がいっぱい起こる！自分を磨く100の習慣,323,ホームパーティーを開く,人の縁が深くなる、みたいな話,
15,「いいこと」がいっぱい起こる！自分を磨く100の習慣,324,新聞や雑誌に、自分のエッセイを投稿する,自分の考えを活字にすることで引き寄せがどうたらこうたら…,
15,「いいこと」がいっぱい起こる！自分を磨く100の習慣,325,パーティーで、自分から話しかけてみる,特に理由は書いてなかった。メイクをばっちりにすると話しかけられていいぞ、みたいな、話しかけられる話の方が多かった,
15,「いいこと」がいっぱい起こる！自分を磨く100の習慣,326,自分の名刺をつくる,目立つ名刺で印象に残る。「ご縁を運んでくれる」名刺を作ろうだって。はいはい。,
15,「いいこと」がいっぱい起こる！自分を磨く100の習慣,327,厄除けをする,「気」を整えれば病気も運も自分の力でよくしていくことができます、だって。薬事法違反とかで捕まってくれねえかなこいつ。,
15,「いいこと」がいっぱい起こる！自分を磨く100の習慣,328,自分と家族のために、高価なプレゼントをする,報酬をもらう喜びは、大きな夢を叶えるパワーを生み出します、だって。,
15,「いいこと」がいっぱい起こる！自分を磨く100の習慣,329,熱烈なファンレターを書いてみる,ファンレターに熱い気持ちを綴れば、プラスの想念が充満し、快楽ホルモンがあふれだします、だって。あと”ペ・ヨンジュンの大ファンの60歳の女性は冬のソナタを見るようになってから白髪が黒髪になった”て書いてあるんだけど、これまじ？？染めただけでは？？,
15,「いいこと」がいっぱい起こる！自分を磨く100の習慣,330,週末の副業で、収入を3倍にする,大きく出たな。堅実にノーリスクで夢を叶えましょう、みたいな話。具体論はゼロ,
15,「いいこと」がいっぱい起こる！自分を磨く100の習慣,331,友人とホテルに泊まり、おしゃべりを楽しむ,過去を発掘することは自分磨きにもなるよ、だって。,
15,「いいこと」がいっぱい起こる！自分を磨く100の習慣,332,好きな作家の本を読む,"D318と被ってる。
”どんなジャンルであれ、読書は、なんらかの生きるヒントを与えてくれます”
いや、今この瞬間まさにお前が与えてくれてないんだよ！！",
15,「いいこと」がいっぱい起こる！自分を磨く100の習慣,333,芸術的な趣味を持つ,ぼんやりした教えだなあ。”美のエッセンスを、自分の中に取り込めます。美しいものはこころも浄化しますので、内面の美しさもレベルアップ。”はいはい。,
15,「いいこと」がいっぱい起こる！自分を磨く100の習慣,334,ホテルのラウンジで、優雅にお茶を飲む,この人ホテル好きだな。”出かけると運気アップにつながります”はいはい。,
15,「いいこと」がいっぱい起こる！自分を磨く100の習慣,335,”法話”を聞きに行く,この人仏教も好きだな。写経とか法話とか。,
15,「いいこと」がいっぱい起こる！自分を磨く100の習慣,336,美しい風景にふれる旅に出る,また旅に出るの！？旅に出るの推奨しすぎでは。”心身が浄化”されるんだって。,
15,「いいこと」がいっぱい起こる！自分を磨く100の習慣,337,”ほしい運”がいただける神社へお参りに行く,神様への感謝をすれば夢が叶う、みたいな話。はいはい。,
15,「いいこと」がいっぱい起こる！自分を磨く100の習慣,338,自分に似合うファッションを身につける,ちゃんと似合うものを着てね、みたいな話。,
15,「いいこと」がいっぱい起こる！自分を磨く100の習慣,339,健康的な食生活をする,"オーガニックな玄米菜食がベスト、出たー！この手のしょうもない本の読者とビーガンはかなり親和性高そう。
野菜しか食べない生活は「強運を呼び込む”心”を育ててくれます」だって。",
15,「いいこと」がいっぱい起こる！自分を磨く100の習慣,340,ハンカチに”幸運のエッセンス”をふりかける,アロマでハッピーになろう、みたいな話,
15,「いいこと」がいっぱい起こる！自分を磨く100の習慣,341,一生つきあえる、趣味を見つける,趣味を頑張るといつか仕事になる、みたいな。”強運を引き寄せる”とも書いてある。好きだなー、運呼び寄せるの。,
15,「いいこと」がいっぱい起こる！自分を磨く100の習慣,342,一生働けるような資格を取る,安定があればいい、みたいな,
15,「いいこと」がいっぱい起こる！自分を磨く100の習慣,343,観葉植物や花を育てる,緑を部屋におけば、オーラが輝きに満ちる、みたいな話。はいはい。,
15,「いいこと」がいっぱい起こる！自分を磨く100の習慣,344,ペットに愛情を注ぐ,ペットを愛することは人間を成長させる、だって。,
15,「いいこと」がいっぱい起こる！自分を磨く100の習慣,345,なりたいイメージをとことん研究する,なりたい人の写真や雑誌を切り抜いて画用紙にはって眺めよう、だって。いや眺めてないで研究しろや。,
15,「いいこと」がいっぱい起こる！自分を磨く100の習慣,346,キレイな声を身につける,"”「メラビアンの法則」という、第一印象を決める心理法則があります”
おお～！久しぶりにちゃんと意味のあること喋った！仏教ラッシュ以来だ。
でも中身は「声のトーンに気をつけると印象ぜんぜん違うから気をつけてね」だった。ペラペラ。",
15,「いいこと」がいっぱい起こる！自分を磨く100の習慣,347,依存心から卒業する,人に頼ると運が下がる、みたいな,
15,「いいこと」がいっぱい起こる！自分を磨く100の習慣,348,礼儀正しい態度をとる,「好意の返報性」の話。一応なんか内容あること言おうとし始めた気がする。,
15,「いいこと」がいっぱい起こる！自分を磨く100の習慣,349,感じのいいあいづちを打つ,だからこれ3個前の教えと被ってるだろ。,
15,「いいこと」がいっぱい起こる！自分を磨く100の習慣,350,品のある会話を心がける,流行語を乱用しない、だって,
15,「いいこと」がいっぱい起こる！自分を磨く100の習慣,351,人の考えを否定しないで、受け入れる,否定をすると運に見放される,
15,「いいこと」がいっぱい起こる！自分を磨く100の習慣,352,自分の話ばかりしない,自慢話はダメ、みたいなペラペラの話,
15,「いいこと」がいっぱい起こる！自分を磨く100の習慣,353,最新ニュースを頭に入れて、会話で使う,強運な人は、情報収集を欠かしません、だって,
15,「いいこと」がいっぱい起こる！自分を磨く100の習慣,354,苦言を、ありがたく受け入れる,苦言は精神レベルを上げるきっかけにしよう、苦言をノートにまとめよう、だって。,
15,「いいこと」がいっぱい起こる！自分を磨く100の習慣,355,”喜びを与える言葉”をマスターする,嫌な言葉を言わない、言われて嬉しいことを言おう、だって。だからこれ4つ前と被ってるよ,
15,「いいこと」がいっぱい起こる！自分を磨く100の習慣,356,嫌いな人にも悩みがあると理解する,嫌いな人は、あなたを成長させるためのプレゼント、はいはい。,
15,「いいこと」がいっぱい起こる！自分を磨く100の習慣,357,相手の身になって考えてみる,一つ前と被ってる。,
15,「いいこと」がいっぱい起こる！自分を磨く100の習慣,358,励ましの手紙やメールを出す,メールより手紙の方が100倍効果あるらしいよ,
15,「いいこと」がいっぱい起こる！自分を磨く100の習慣,359,マイナス言葉は、一切使わない,エネルギーが減るとかなんとか。4つ前と被ってるな。,
15,「いいこと」がいっぱい起こる！自分を磨く100の習慣,360,相手がしてほしいことに敏感になる,3個前と被ってる。運の波に乗るには、相手が望むことをやる、だって。,
15,「いいこと」がいっぱい起こる！自分を磨く100の習慣,361,感動する本をプレゼントする,いい本をプレゼントすると、誰かの人生に貢献できる、みたいな話。そうだね。この本はプレゼントしないほうがいいけどね。,
15,「いいこと」がいっぱい起こる！自分を磨く100の習慣,362,相手の成功体験をほめたたえる,過去の栄光を褒め称えると、落ち込んでる人も復活する、みたいな話。,
16,大富豪からの手紙,363,偶然というものは存在しない、直感に従って行動しろ,"”上海に行こうか東京に留まろうか悩んでいた時期に、飲食店で隣り合わせたサラリーマンが読んでいた新聞の一面に「上海」という文字を見つけて上海行きを決めた。若いうちに海外に行ったことで、私は世界中に友達ができたし幸せな人生になった。あれは偶然ではなかった！”というゴミみたいに薄いエピソード。
このクソみたいに薄い手紙を読んだ主人公は「放心状態」になって、直感にしたがって半額になっていた「小樽行きの飛行機のチケット」を購入した。この行動、金持ちと正反対っぽいけどな。D25「お金のことを忘れなさい」とも反しそう。「安いものにつられるな」とかもこのスプレッドシート内のどこかにありそう。",34
16,大富豪からの手紙,364,決断した瞬間に、その未来は同時に誕生する。しっかり決断しろ,"思考は現実化する、的なヤツね。はいはい。
例として「ロジャー・バニスター」というイギリスの陸上選手が挙げられている。
”1マイルで4分を切るのは不可能だと考えられていた時代に、バニスターは初めて3分59秒40でゴールした。だがこのあと1年のうちに23人の選手が4分を切った。人間は「できないと思った未来はやってこない」ということだ。”（要約）
薄い例だな～。論理的に「できると思えば実現する」と「できないと思っていたら実現しない」は同義じゃないし、単純に陸上の技術が発展しただけな気がするな。
どうも自己啓発本のパターンとして「エピソードは論拠にするためではなく、チョロっと置いておくためにある」というのがありそうだ。詳しい論証など一切気にしないタイプの読者がターゲットなんだろうな。

この教えを読んだ主人公は”「ジーン」と全身にしびれが走った”だって。幸せなヤツ。",45
16,大富豪からの手紙,365,直感にまかせて、ワクワクする行動をしよう,"2個前と被ってるな。”ワクワクすることをやって、プラスの行動エネルギーを増やそう”とか書いてある。自己啓発本読むやつ、「プラスのエネルギーを増やす」みたいなクソみたいな教えが好きなんだな。
あと、やたら「海外に行く」ってのも出てくる。自己啓発本読むやつ、海外に憧れがあるんだな多分。
ちなみに本の中に登場する直感に任せる行動は、「京都って書いてあるTシャツのヤツを見つけて京都に行くことにした」みたいなゴミみたいなヤツだった。",90
16,大富豪からの手紙,366,お金とはエネルギーであり、善悪はない,"また出たよエネルギー。好きだねえエネルギーの話。
この本の「お金」の章、内容がペラペラすぎて本当に驚く。結局「お金のことをちゃんと考えて、距離のとり方を考えてね」というゴミみたいな教えしか書いてない。

あと、この章で出会った女性を「誕生日が一週間違い！これは運命か！直感を信じよう！」みたいなこと言ってる主人公、人生楽しそうだな。",140
16,大富豪からの手紙,367,成功者はみな仕事を楽しんでいる、天職を見つけろ！,"森博嗣「集中力はいらない」の中にあった「僕は仕事が楽しくない」とめっちゃ矛盾だ。
あと、お決まりの「お金に働いてもらう」みたいな議論も出てきた。自己啓発本界隈、ホントに好きだなその話。",188
16,大富豪からの手紙,368,失敗の中に成功あり,はいはい。ペラペラペラペラ。,246
16,大富豪からの手紙,369,人を好きになり、人に好かれよう,当たり前だろアホか。具体論はなし。,274
16,大富豪からの手紙,370,宿命（予め決まっていること）と運命（自分で決めること）の境界線を引くのは自分だ,だとしたら宿命と運命は存在しないということになる。定義そのものに意味がない。議論終わり。,339
17,多動力,371,寿司屋の修行なんて意味がない,情報を得るために貴重な時間を使ってはいけない,24
17,多動力,372,3つの肩書をもて,3つの肩書があれば掛け算で価値が増えるので1万倍になるよ,30
17,多動力,373,自分しかできない仕事をする（ベストセラーはコピペ本）,俺が言ったことを適当に抽出して本にしてくれれば本なんて無限に出せるわ、みたいな話,40
17,多動力,374,完了させるのがいい。完璧主義者はダメ（手作り弁当より冷凍食品の方が美味い）,凝らなくていいよ、終わらせろ,48
17,多動力,375,見切り発車は成功のもと,準備するよりやってみろ、という話,50
17,多動力,376,まずは一つのことにサルのようにハマれ,その方が抜きん出られる、みたいな話,62
17,多動力,377,飽きっぽい人ほど成長する,80点をとったら飽きてしまうけど、それでいい,69
17,多動力,378,経費精算を自分でやるサラリーマンは出世しない。外注しろ,5つ前の教えと被ってるな,72
17,多動力,379,電話をかけてくるヤツとは仕事をするな,電話は時間を奪うから、という話。仕事をやめるときは2行のラインで、とも,79
17,多動力,380,大事な会議でスマホをいじる勇気をもて,自分の時間を使え、みたいな話,84
17,多動力,381,おかしなヤツとは距離を取る,しょうもないヤツに時間を奪われない,91
17,多動力,382,嫌な仕事は断る,,96
17,多動力,383,原液を作って、それに仕事をさせる,濃いことを言って、それを勝手に薄めて拡散してもらえるとよい、みたいな,110
17,多動力,384,10冊の流行ビジネス書を読むよりも、1冊の骨太教養書を読もう,"”太い幹としての教養を持つ”のが大事だそうだ。
この企画全否定だ！！あと、自己否定でもある。",116
17,多動力,385,知らないことは恥ではない,ネットで調べたり聞いたりしたらいい,122
17,多動力,386,質問力をつける,手短に話せボケ、みたいな話,128
17,多動力,387,会議は短くする,手短に話せボケ、みたいな話,134
17,多動力,388,仕事をリズムでやれ,速さはリズムで決まるから。「PDFファイルを添付するな、メールの文章にテキストを貼れ」とか「Facebookグループに長文を投稿するな」とかも言ってた。気が短い,148
17,多動力,389,返信を爆速にしよう,暇な人ほど返事が遅い,154
17,多動力,390,1晩10軒以上をハシゴしろ,旨い店を一気に味わうために、1店で一品ずつ頼んで移動しまくったりするらしい。常識に縛られないのが大事って話,171
17,多動力,391,よく寝ろ。,仕事の質は睡眠で決まる。上の方で「寝なくてもいい」みたいな教えがあったのと矛盾。,172
17,多動力,392,本音で生きろ,ストレスがなくなるよ,176
17,多動力,393,恥をかこう,誰もあなたに興味がない,186
17,多動力,394,リーダーは馬鹿でいい,とにかくやってみて恥をかいてみるくらいでいい。「成功している経営者にはバカが多い。恥ずかしいとか考えない」とも。,192
17,多動力,395,資産が人をダメにする,「これを持っているから活かしたい」という発想は貧乏性だ、みたいな話,206
17,多動力,396,ハワイに別荘なんて持つな,前項の続き。別荘もいらんだろ、ハワイなんて安心で予想外のこともおこんないしつまんない、みたいな話,212
18,おもしろすぎる成功法則,397,人間は仕事はやりたくないようにできている（から安心しろ）,上の方にあった「成功者はみんな仕事が好き」と矛盾だ。,20
18,おもしろすぎる成功法則,398,朝起きたらまず掃除しよう,美化活動すると、人間の評価は上がる、みたいな話,53
18,おもしろすぎる成功法則,399,謙遜してバランスをとろう,過大評価されるとあとからマイナスが来るから、謙遜してバランスとっておけ,64
18,おもしろすぎる成功法則,400,魂のステージをあげれば、嫌な人はいなくなる,”世の中には「波長の法則」というものがあります。嫌なことを考える人はそういう電波が出ていて、それを引き寄せているのです”みたいなこと書いてある。はいはいそういうやつね,78
19,仕事で圧倒的な成果を残すハイパフォーマーが実践する飲食の技術,401,栄養ドリンクは昼食後に、成分にこだわって飲む,酒を飲む日はウコン配合のものを飲む、なるべく素材に近いものを、とのこと,18
19,仕事で圧倒的な成果を残すハイパフォーマーが実践する飲食の技術,402,飲み会前にアーモンドを10粒口にする,アーモンドに含まれるマグネシウムが二日酔いの予防になる。マグネシウムはアルコールの代謝に必要。ちなみにマグネシウムはストレスを受けることでも減少するので、ストレスを酒で晴らそうとするととんでもなくマグネシウムが足りなくなる,23
19,仕事で圧倒的な成果を残すハイパフォーマーが実践する飲食の技術,403,休肝日が取れないときは、”同物根治”を実践,肝臓が弱る前にレバーを食べる,27
19,仕事で圧倒的な成果を残すハイパフォーマーが実践する飲食の技術,404,飲み会のときに八宝菜を口にする,二日酔いにいい食材がいっぱい入っている,32
19,仕事で圧倒的な成果を残すハイパフォーマーが実践する飲食の技術,405,空酒が好きでも、最低限きゅうりのぬか漬け、たくあん、らっきょうは口にする,アルコール分解を助ける食材,39
19,仕事で圧倒的な成果を残すハイパフォーマーが実践する飲食の技術,406,フライドポテトを口にしたとしても、ポテトチップスは口にしない,ポテチは油多くてマジヤバイ、肝臓に負担かかるみたいな話。,42
19,仕事で圧倒的な成果を残すハイパフォーマーが実践する飲食の技術,407,飲み会のあとに味噌汁を口にする,水と消化不良対策で一石二鳥,44
19,仕事で圧倒的な成果を残すハイパフォーマーが実践する飲食の技術,408,二日酔いになったら青汁を口にする,"アルコール分解にいい成分が入ってる。
栄養士はすぐ「お酒を控えてください」っていうけどそれが不可能だから二日酔いになってるわけで、こういうテクニックをしっかり持とう、みたいなことも書いてある",48
19,仕事で圧倒的な成果を残すハイパフォーマーが実践する飲食の技術,409,午前様が5日連続になったらチゲ鍋で睡眠不足を補う,すごい主張だ。チゲ鍋って睡眠不足補えるのか。「腸内環境をよくする」とかビタミンB1が豊富に含まれているなどの効果があるので、チゲ鍋オススメらしい,55
19,仕事で圧倒的な成果を残すハイパフォーマーが実践する飲食の技術,410,飲み会が続き体力不足な時、朝食を抜く,いいね。世間の栄養士の逆をいく三食たべるなという主張だ。吸収力が衰えているときは食わないほうがいい、という話。,58
19,仕事で圧倒的な成果を残すハイパフォーマーが実践する飲食の技術,411,タバコを吸うたびにコールドプレスジュースを飲む,タバコはやめられないので、せめて体にいいものを。タバコで破壊されるビタミンCを補おう,66
19,仕事で圧倒的な成果を残すハイパフォーマーが実践する飲食の技術,412,ストレスが普段より多いとき、かぼちゃのそぼろあんかけを口にする,ストレスで体が酸化するのを補う,72
19,仕事で圧倒的な成果を残すハイパフォーマーが実践する飲食の技術,413,イライラが止まらないとき、レモングラスのハーブティーを口にする,副交感神経の働きを助け、精神を調和させてくれる,78
19,仕事で圧倒的な成果を残すハイパフォーマーが実践する飲食の技術,414,ストレスで食事が喉を通らないときアイスクリームを口にする,アイスは脳をリラックスさせるし目も覚める,80
19,仕事で圧倒的な成果を残すハイパフォーマーが実践する飲食の技術,415,ストレスでよく眠れないときは夕食に大好物を食べる,まあそうだろうな,84
19,仕事で圧倒的な成果を残すハイパフォーマーが実践する飲食の技術,416,ストレスでやる気がなくなったとき飴玉を口にする,噛むことでストレス発散される,90
19,仕事で圧倒的な成果を残すハイパフォーマーが実践する飲食の技術,417,ストレスでお腹がゆるくなってしまったときはおかゆを口にする,まあそうだろうな,94
19,仕事で圧倒的な成果を残すハイパフォーマーが実践する飲食の技術,418,長期間にわたるストレスにさらされているとき、愚痴を口にする,食生活関係ねえじゃねえか！！！！！！！！！！！！！！「口にする」つながりで上手いこと言おうとすんな！！！,98
19,仕事で圧倒的な成果を残すハイパフォーマーが実践する飲食の技術,419,常にエンジンフル回転のとき、りんごジュースを口にして体を落ち着かせる,りんごは吸収もいいし一息つけていい,108
19,仕事で圧倒的な成果を残すハイパフォーマーが実践する飲食の技術,420,物理的に食事がとれないとき、無理して食べない,忙しかったら無理に食べなくても後で食べたらよくない、みたいな話,110
19,仕事で圧倒的な成果を残すハイパフォーマーが実践する飲食の技術,421,眠気覚ましのコーヒーがもはや効かない時、微糖の缶コーヒーを飲んで15分目をつむる,微糖が実は一番カフェインが多い＆ちょっと休んだ方が長期的には効率いい,118
19,仕事で圧倒的な成果を残すハイパフォーマーが実践する飲食の技術,422,体力消耗が激しいときコップ1杯のきなこ豆乳を口にする,体力回復のためにアルギニンが多いきなこ豆乳がオススメ,128
19,仕事で圧倒的な成果を残すハイパフォーマーが実践する飲食の技術,423,気合の勝負デー前日に大トロを口にする,脳の働きを良くするから大トロいいよ、みたいな話,132
19,仕事で圧倒的な成果を残すハイパフォーマーが実践する飲食の技術,424,休みたいけど休めないとき、冷奴で乗り切る,生姜が体温を下げて一時しのぎできる,145
19,仕事で圧倒的な成果を残すハイパフォーマーが実践する飲食の技術,425,平常時でも繁忙期でも、水にこだわる,うわー！「電解水素水」を推奨してる！！「実験によって、電解水素水は抗酸化作用があることがわかった」って書いてあるけど、それホント？ソースどこ？化学原理の説明してほしいな。,156
19,仕事で圧倒的な成果を残すハイパフォーマーが実践する飲食の技術,426,カロリー計算をしない,意外な主張だ。ハイパフォーマーはそんな時間ないよね、みたいな話。グーチョキパーバランスで、ざっくりタンパク質と野菜と炭水化物のバランス気にしろ、だって。,168
19,仕事で圧倒的な成果を残すハイパフォーマーが実践する飲食の技術,427,スポーツを楽しんだら30分以内にヨーグルトを口にする,アミノ酸の吸収がよくなるから,174
20,残業ゼロで年収を上げたければ、まず「住むところ」を変えろ！,428,お金のないうちは、衣食住の「住」に投資する,著者、若いうちは外食もしなかったし一日1食や2食だった、と。そのかわり都心の職場からチャリで1分のところに部屋を借りたそうだ。「拠点がダサいと人生もダサくなる」「三流の立地で広い部屋より、一流の立地で狭い部屋」と。,20
20,残業ゼロで年収を上げたければ、まず「住むところ」を変えろ！,429,職住一致させろ,究極は職住一致である。ホテル王は自分のホテルに住んでる、みたいな話,40
20,残業ゼロで年収を上げたければ、まず「住むところ」を変えろ！,430,快適とは、”不快ではない状態”のことだ。,奇抜なオフィスとか要らないよ、一番は落ち着くことだよ、みたいな話,58
20,残業ゼロで年収を上げたければ、まず「住むところ」を変えろ！,431,師匠のアドバイスに対して、Noという返事は存在しない,白を黒と言われても飲み込め、それが師弟関係だ、という話,112
20,残業ゼロで年収を上げたければ、まず「住むところ」を変えろ！,432,仕事は早朝にやれ！,早朝に出社して働いてると誰も邪魔してこないから、効率がめちゃくちゃいいみたいな話,130
20,残業ゼロで年収を上げたければ、まず「住むところ」を変えろ！,433,残業したら射殺されるというテンションで仕事をする,ゴルゴ13の銃口が自分に向いているつもりで,144
20,残業ゼロで年収を上げたければ、まず「住むところ」を変えろ！,434,苦労人の話に感動してもいいが、それをまねしない,苦労したいのではなく成功したいのだから、みたいな話,232
21,あくせくするな ゆっくり生きよう！,435,思考が体験を作り出す,またその話か！！！！思考は現実化する系の話ホントに好きだな！！,28
21,あくせくするな ゆっくり生きよう！,436,時間管理はカメの歩みで,ゆっくりやりながら、一つ一つじっくり考えよう、みたいな話,186
21,あくせくするな ゆっくり生きよう！,437,決断は流動思考で,それについてひたすら考えて結論を出すのではなく、生活していて自然に浮かんでくる考えを掴み取ろうみたいな話,220
21,あくせくするな ゆっくり生きよう！,438,退屈を恐れるな,今に集中すれば退屈しない、愛する人と暖炉を眺める数時間は退屈じゃないけど、渋滞しながらやりたいことを考える数分は退屈でしょ、みたいな話,244
21,あくせくするな ゆっくり生きよう！,439,ゆっくり生きよう。心配しないでリラックスしよう,リラックスしていれば人生はうまくいくみたいな話,252
22,速さは全てを解決する,440,まず全体像を描く,全貌が見えないとやり直しになったりするから,42
22,速さは全てを解決する,441,丁寧にやりすぎない,終わらせよう,45
22,速さは全てを解決する,442,前倒しする,可能なことは全て前倒しでやっておけ。数カ月先のしごとであってもだ,57
22,速さは全てを解決する,443,毎朝・毎晩30分を情報収集にあてる,これ以上やるとやりすぎ。これ以下に削ると世の中についていけなくなる,108
22,速さは全てを解決する,444,通勤時間は英語か読書を,メモしたり共有したりということができない（効率が悪い）車内では、集中するタスクをやろう、という話,114
22,速さは全てを解決する,445,メルマガを10個程度は登録しておく,メルマガ！？今どき！？LINE＠とかじゃなくて！？,125
22,速さは全てを解決する,446,Facebook・Twitterのタイムラインを活用,情報収集の効率をよくしろ、みたいな話。「集中力はいらない」に出てきた「SNSは使わない」と矛盾だ。,127
22,速さは全てを解決する,447,海外のカンファレンス動画を見る,最新事情を知るためには海外のカンファレンスを知らないと遅い、みたいな,137
22,速さは全てを解決する,448,勉強会・セミナー・その後の懇親会に参加する,優秀な人材と知り合えていい、みたいな,140
22,速さは全てを解決する,449,展示会にはこまめに行く,これ面白かった。技術系の展示会は、開発者本人が出てくることが多いのですごく良い一次情報であり、周りに似たようなものが並んでるので「アレとどう違うんですか」と失礼っぽい質問もできる,143
22,速さは全てを解決する,450,全ての会議の時間を半分にする,誰も喋ってない時間とか堂々巡りの時間とかムダな時間を削ると半分になる,190
22,速さは全てを解決する,451,伝えるべきことを3，4点メモしてから話す,要点を掴んだ話し方ができるので、あらゆることを伝えるときは箇条書きメモをしてからしゃべるべき,236
23,聖書に隠された成功法則,452,成功法則・自己啓発本は、「神を称賛しているもの」以外を信じるな！,"自己啓発本や成功法則本の賢い読み方は「聖書の真理の原則と同じか？」「神の存在を認めているか？」「何が最終的に称賛されているか？」の3つ。
「引き寄せの法則」はそもそも聖書的な教えである（マルコ11・24、ヘブル11・1）し、自己啓発本もそこを念頭に作っているが、聖書では「神」が引き寄せている（神の意志を実現する）のに対し、自己啓発本では「あなたが引き寄せる」と書かれていたり、「宇宙の真理」みたいな怪しい概念が導入されたりしている。これは全て間違いで、最終的に神を称賛しているものだけ信じなさい。という意味の話。このスプレッドシートの中にある引き寄せ法則関連本かなり抵触してそうだ。",46
23,聖書に隠された成功法則,453,間違った成功法則に騙されるな！,ブーメランがすごそうだ。,51
23,聖書に隠された成功法則,454,神に祝福されることが成功の秘訣,"ほら～。ブーメラン来てない？大丈夫？
「神が特定の目的であなたを作ったのだから、その目的を理解して神の目的に一致した生き方をしよう。その気持ちがあるかどうかが一番大事」みたいなこと書いてあった。",64
23,聖書に隠された成功法則,455,喜び、祈り、感謝～成功スタイルの3原則～,この3つは神の命令です。成功のための必須条件です、だって。,153
23,聖書に隠された成功法則,456,与える人は与えられる,"ホント好きだな！！ギブから始めよみたいなやつ！！「寄付するといいよ」みたいなことが書いてあった。
「そうすれば神はいつもギリギリで救ってくれる。私自身、大きな金額の振込をしなきゃいけない期日ギリギリでお金が手に入った」と美談みたいに書いてるけど、それお前の能力不足なのでは。",175
23,聖書に隠された成功法則,457,面白いと感じる道に進む,すごいこれ。とうとう聖書からの引用なくなってただの薄っぺらい自己啓発本のこと言い始めた。好きだね、「ワクワクすることをやる」とか「面白いと感じる道に進む」とかそういうの。,236
24,社長になる人に知っておいて欲しいこと,458,絶対に必要なのは熱意である。社長は熱意にかけては最高でなければならない,社長が熱心にやってたらみんな熱心に働くし、ものは売れる。,16
24,社長になる人に知っておいて欲しいこと,459,不景気のときのほうが面白い。危機から逃げないで立ち向かう,不況時がいちばん勉強に向いているし、兜の緒を締めるのにいい,26
24,社長になる人に知っておいて欲しいこと,460,血の小便が出るほど心配し、勉強しろ,"D440「リラックスしよう」と真っ向から矛盾だ
商売人は明日自殺するしかないんじゃないかと血の小便を出すほど心配して初めて一人前みたいな話",32
24,社長になる人に知っておいて欲しいこと,461,絶えず自らを叱り続けろ,絶えず自問自答して自らを攻撃し、芯をぶれないものにしていけ、みたいな話,38
24,社長になる人に知っておいて欲しいこと,462,腹を切って責任を取る覚悟をもて,戦国武将は部下を救うために命をかけるのが当然だった。トップの仕事だ。,42
24,社長になる人に知っておいて欲しいこと,463,悩みも結構なものである。知恵がつく,社員が50人になった時に不良社員が出現した。不正をやっていた。どうしようか悩んだが、”ちょっと法に触れたからといってすぐ刑務所に入るわけではない。説諭で終わる人がほとんどだ。社会はそうなってるんだから、会社もそうだな”と思い諦めた。みたいな話。,68
24,社長になる人に知っておいて欲しいこと,464,決断を下すときは、素直な心で、心を空にしてものを見る,名誉とか世間の評判にとらわれたらダメ。大将は軍師ではない。決定するのが大将の仕事。,80
24,社長になる人に知っておいて欲しいこと,465,非常の際には、世論と対立しないといけないこともある,経営者はおおむね世論に合わせておけばいい。だが、非常の時には世論の逆が正しいこともある。桶狭間の戦いで誰もが反対した出撃を、信長は強行して生き残った。という話,84
24,社長になる人に知っておいて欲しいこと,466,カンと科学、どちらに偏ってもよくない,"おっ！！ひたすら「直感に従え」系の自己啓発本ラッシュに切り込む教えだ！さすが！
ケースバイケースだし、2つを上手に両立していかないとあかん、というすごく大人で正しいであろう教え。",87
24,社長になる人に知っておいて欲しいこと,467,税金に頭を使わない,会社を大きく成長させようとするなら、税金をちょろまかすことに頭を使うな、経営に頭を使え,130
25,THE POWER OF LESS 減らす技術,468,一度に一つずつ。あれもこれもやろうとしてはいけない,"結局なにもできなくなるから。シンプルにしろ、という話。
この企画全否定だ！",38
25,THE POWER OF LESS 減らす技術,469,シングルタスクにする。マルチタスクを絶対避けろ,マルチタスクは上手くいかない。ギアの切り替えのせいで効率が悪い。割り込みタスクは可能なら全て一旦棚上げすること、だって。森博嗣「集中力はいらない」に真っ向から対立だ,60
25,THE POWER OF LESS 減らす技術,470,食べるときは、ただ食べる,マルチタスクしないで、今に集中しろ、という話,66
25,THE POWER OF LESS 減らす技術,471,1メールは5文,長いメールは書かない。簡潔な文章を心がけろ,128
25,THE POWER OF LESS 減らす技術,472,朝と夜のシンプルなルーチンを作る,ルーチンのおかげで理想的な生活リズム、みたいな,166
25,THE POWER OF LESS 減らす技術,473,小腹が空いたら食べる,「バカ食い」を避ける。理由はあんまり書いてなかった。健康習慣だっていう話,197
25,THE POWER OF LESS 減らす技術,474,サクセスストーリーを読む,「つらいときにモチベーションを維持する方法」とか「エクササイズのモチベーションを上げる方法」とか、形を変えて何回も出てきてた。サクセスストーリー読ませるの好きだね。,206
25,THE POWER OF LESS 減らす技術,475,ゴールを印刷して貼る,自己啓発本、紙に印刷して貼らせるの好きだな～。,217
26,塩分が日本人を滅ぼす,476,塩分が日本人を滅ぼす。塩分は一日5グラム未満にするべき,最初からバチバチにかましてきててすごい。”「塩分を感じて」いますか？”というすごい見出しも。,15
26,塩分が日本人を滅ぼす,477,塩分量を測定するためには、含有Na量を2.54倍する,お、これ化学だ。塩素の原子量がNaよりちょい多いから、NaClの分子量を考えるなら妥当な数字だな。,20
26,塩分が日本人を滅ぼす,478,健康寿命を伸ばすためには「食べすぎない」と「塩分を控える」,現代においてもはや「好きに食べる」ことは血管系の疾患を抱えることに直結する,100
26,塩分が日本人を滅ぼす,479,自分で食事を作る習慣をつける,有名店の味が理想だと思っていても、自分で作ると「あ、こんなに醤油入れるんだ」「こんなにバター使うんだ」と驚くし、連続してはいけないものなのがよく分かってくる,134
26,塩分が日本人を滅ぼす,480,ワンプレートランチはよくない。小鉢を活用しよう,ワンプレートランチは早食いになりやすいし、栄養が偏りやすい。野菜が取りにくい。小鉢に副菜を作ると、自然にベストなバランスになる,152
27,スマホの5分で人生は変わる,481,スマホは人間から夢や目標までを奪っていく,スマホによって脳内に出るドーパミンを追い続けてしまうから,53
27,スマホの5分で人生は変わる,482,スマホ依存対策アプリを入れる,Forest、Timer Lock UBhindなど、様々なスマホ依存対策アプリがあるので、それを入れて計測しよう,91
27,スマホの5分で人生は変わる,483,スマホはポケットには入れない,すぐアクセスできないようにしておけ,101
27,スマホの5分で人生は変わる,484,自己成長につながるときだけ、スマホを取り出す,ジムでのフィットネスとか、語学や勉強、ビジネス上のコミュニケーションなど、だそうだ。人生楽しくなくなりそう…！,104
27,スマホの5分で人生は変わる,485,電車の時間などは、ビジネス上で役立つ情報収集をする（ビジネス書や新聞を読む）,「電車の空き時間で新聞を読む」と答える人、若年層ではほとんどいないが60代は22％、というデータを見せたあとで、「電車で新聞を読んでる人は高年収だから、新聞読めば高年収になれるよ」と言ってる。頭悪すぎ。そりゃ高年齢層が新聞読んでるんだから収入は高いだろ。典型的な因果と相関の錯誤。バカの書いた本。,132
27,スマホの5分で人生は変わる,486,旅に出ろ,また！？自己啓発本の定番の教えだけど、まさかスマホに関する本読んでて旅出させられるとは思わなかった。,184
28,行ってはいけない外食,487,チェーン店よりは個人店,チェーン店は工場から輸送されてきてる。添加物が多い。,
28,行ってはいけない外食,488,揚げ物はダメ,大体の店は油が真っ黒になるまで使ってる。酸化した油はヤバイ,
28,行ってはいけない外食,489,ホテルのスイーツバイキングも行くな,どこかから仕入れてきてるから。,42
28,行ってはいけない外食,490,ポテトサラダよりもトマトサラダ,素材に近いものの方が安心,52
28,行ってはいけない外食,491,焼き鳥はまず塩で食べる,ヤバい鶏が分かるから、みたいな話,66
28,行ってはいけない外食,492,「クリーム系」「マヨネーズ系」のピザは食べるな,クリームもマヨネーズも偽物だから、みたいな,100
28,行ってはいけない外食,493,そのへんの店の刺し身はダメ。食べるな,刺し身は流通過程がもはや工業用品だ,108
28,行ってはいけない外食,494,土用の丑の日に踊らさられるな,売るために業者が偽装を始める、みたいな話,130
28,行ってはいけない外食,495,刺身のツマは食べるな,工場で作られてて薬品だらけだから、みたいな話,138
28,行ってはいけない外食,496,「ふわっと柔らかい鶏肉」はダメ,肉は本来硬い。粗悪な鶏肉は薬品を注入してある,144
28,行ってはいけない外食,497,焼肉屋では必ずサラダを頼みなさい,動物性タンパクばかりになるとヤバイから、みたいな話,165
28,行ってはいけない外食,498,サラダバーの野菜はダメ。野菜不足解消にならない,消毒と洗浄の嵐を超えてきてる野菜なので、栄養など残ってない、みたいな話,180
28,行ってはいけない外食,499,コンビニのサラダは食べても意味がない,"鮮度のかけらもないコンビニのサラダを買うのは「最も愚かな消費行動」であると一刀両断。ヘイトがすごい。
代替行動として「包丁を使わなくてすむ野菜をまるごと一個買ってそのまま弁当とする」を提案していた",197
28,行ってはいけない外食,500,フレンチフライを食べるときはガンを覚悟する,すごい主張だ。発がん性の塊だから、だって。,226
28,行ってはいけない外食,501,トマトの産地まで書いてあるケチャップを使う,中国産の粗悪な工場で濃縮されてるとまずいから、だって,234
29,一生かかっても知り得ない年収1億円思考,502,最低10年は丁稚奉公しろ,多動力の「寿司職人の修行は要らない」と真逆だ,25
29,一生かかっても知り得ない年収1億円思考,503,クレームは財産だ,顧客対応がダメでクレームが入り社長に怒られたとき、私は2時間土下座しながら話を聞いた、とシレッと書いてあった。2時間ずっと土下座してたのかな…？すごいな…,35
29,一生かかっても知り得ない年収1億円思考,504,数字を見ろ。家計簿をつけろ,出た。家計簿。この手の本、すぐ家計簿つけさせようとするイメージあるな,40
29,一生かかっても知り得ない年収1億円思考,505,予算思考はダメ。財布の残金を気にするな,生きた金を使っていれば財布がすっからかんになっても問題ない,41
29,一生かかっても知り得ない年収1億円思考,506,エネルギー量とは、欲の量である,極貧状態から大成功した社長の事例紹介してた。「欲張らないこと」と矛盾だ。,51
29,一生かかっても知り得ない年収1億円思考,507,「稼ぐ人」にはストレス耐性が不可欠,素手でトイレ掃除することには意味がある、みたいな話,64
29,一生かかっても知り得ない年収1億円思考,508,占い好きの女に振り回されるな,こういう女に捕まると成功できなくなる、みたいな話,81
29,一生かかっても知り得ない年収1億円思考,509,お金のにおいのする人になれ,自信満々の人に、人は惹かれるみたいな話,122
29,一生かかっても知り得ない年収1億円思考,510,「おしゃべり好き」はダメ。稼げない,秘密を言っちゃうような人はビジネスで信頼されない,130
29,一生かかっても知り得ない年収1億円思考,511,不得意、嫌いなことは目をつぶって我慢せよ,必要なときには鈍感になれる能力が大事、みたいな話,151
29,一生かかっても知り得ない年収1億円思考,512,向かないことは絶対しない,一つ前と矛盾してないか。,186
30,斎藤一人 ゆるしてあげなさい,513,相手のいいところを見つけて、すかさず褒める,こうすれば異性からも同性からもモテるよ、と,28
30,斎藤一人 ゆるしてあげなさい,514,「ダメな自分も愛おしい」と自分に語りかける,ありのままの自分を愛そう、みたいな,36
30,斎藤一人 ゆるしてあげなさい,515,気の利いた贈り物をしよう。オススメは5円チョコ,「ご縁に感謝します」という気持ちを相手に伝えられるから、みたいな話。気持ちわりい！！！,41
30,斎藤一人 ゆるしてあげなさい,516,お返しは、金品よりも笑顔,相手が本当に欲しいものはあなたの笑顔、だって。僕は金品の方が嬉しいけど,46
30,斎藤一人 ゆるしてあげなさい,517,自分に間違いがあれば、素直に認めよう,認めて成長しよう、恥ずかしくても、みたいな話,54
30,斎藤一人 ゆるしてあげなさい,518,悪口を言う人は、それが趣味だと思おう,悪趣味だと思っておけば笑って受け流せるみたいな話,82
30,斎藤一人 ゆるしてあげなさい,519,魔除けの効果がある花柄を身につける,すごい主張だ。,134
30,斎藤一人 ゆるしてあげなさい,520,本は1冊ずつ抱きしめて処分するか決める,すごい主張だ。抱きしめてキラキラ光るものが胸に残っているなら取っておけ、みたいな話,163
30,斎藤一人 ゆるしてあげなさい,521,税金は来年のための種まき。種をまくから収穫できる。,大人なら大人のルールを守ろう、みたいな話,235
31,人生と仕事について、知っておいてほしいこと,522,ことなかれ主義では発展しない,世の中は一切が対立している。地球と太陽も、男も女も。対立の中で調和を作れ,33
31,人生と仕事について、知っておいてほしいこと,523,中庸であること,人間はほうっておくと振幅が大きくなりすぎる。多少揺れるのはいいけど、行き過ぎてコケてはいけない、みたいな話,61
31,人生と仕事について、知っておいてほしいこと,524,知識は重荷になることがある,弁慶の7つ道具、僕みたいな腕力では薙刀一つすら持てないと思う。弁慶を育てるのはいいけど、七つ道具をいたずらに与えるのはどうか、みたいな話,64
31,人生と仕事について、知っておいてほしいこと,525,憤慨する人は実力がない,憤慨すべき時でも憤慨せず、自分のやれることをやっていくのが実力,77
31,人生と仕事について、知っておいてほしいこと,526,説得力を高める努力をしろ,商売の基本は説得力であり、それは経験から生まれる,97
31,人生と仕事について、知っておいてほしいこと,527,勇気をもって「寝込みを襲う」,朝七時から家の前で待っていた営業マンを見て、面白くて家に上げてしまった、みたいな話,111
31,人生と仕事について、知っておいてほしいこと,528,全ての人を「お得意先」として見る,仕入先の人だっていつか自社の製品を買ってくれるだろうし、周り全てが見込み客だろ、みたいな話,114
32,甘いものは脳に悪い,529,甘いものは脳に悪い,コンビニでおやつを買うなら、甘いものじゃなくてタンパク質を買え,5
32,甘いものは脳に悪い,530,あなたの食生活がおかしいのは、飽食の時代のせい。,コンビニとか刺激の強い食べ物が増えすぎて、健康的な食事が消滅した,34
32,甘いものは脳に悪い,531,朝食を摂れ。仕事ができる人は朝めっちゃ食べてる,これよく聞くけど、絶対個人差あるんだよな。僕はご飯食べると眠くなるから朝食一切食べない方が明らかに生産性高い。肉体労働は朝食あったほうがいいだろうけど、頭脳労働はタイプによると思う。,58
32,甘いものは脳に悪い,532,考えがまとまらないときには鉄分を摂ろう,脳を酷使すると脳に血液が集まる。鉄分が少ないとうまく決断できない、みたいな話,97
32,甘いものは脳に悪い,533,塩分を控えられないならカリウムを増やす,カリウムは塩分を排出するから、だって。「塩分が日本人を滅ぼす」にも出てきたなそれ。,131
32,甘いものは脳に悪い,534,仕事が立て込んでいるときにコーヒーを飲むのはNG,コーヒーは利尿作用があり、長期的には効率が落ちる、という話。わかってるけど、気分の問題でコーヒー飲んでるんだよこっちは！！という気持ちになった。やる気スイッチっぽい味するのがいいんだよね、ブラックコーヒー。,143
32,甘いものは脳に悪い,535,できる男はセックスも強い,食についての本かと思ってたらまさかのセックスの話にリンクした！というか、まさかの「出世する男はなぜ、セックスが上手いのか？（本ID13）」とリンクした。すごい。,175
33,魚を与えるのではなく、サカナの釣り方を教えよう,536,ありがたく受け取る,断らずに受け取り、与える。すると、どんどんものが回って良い循環ができる、だって。ペラペラの教え。,48
33,魚を与えるのではなく、サカナの釣り方を教えよう,537,まずは3年頑張りなさい,ホリエモンに怒られるタイプの教え,61
33,魚を与えるのではなく、サカナの釣り方を教えよう,538,節約してまずは1000万貯めよう,信用がない人はお金を借りられないから、初期費用を貯めろ、という「そんなもん誰でも知ってるわ」という話,69
33,魚を与えるのではなく、サカナの釣り方を教えよう,539,お金を自分のために働かせる,はいはい。金持ち父さん貧乏父さんのヤツね。,74
33,魚を与えるのではなく、サカナの釣り方を教えよう,540,完璧を目指さない。7割を目指す,みんなこれ言う〜。,98
33,魚を与えるのではなく、サカナの釣り方を教えよう,541,ジョークの達人になる,自社のスタッフにブチ切れて彼を思い切り慌てさせたあと、「実は誕生日のサプライズでした」とやった話。やめてやれよ。,130
33,魚を与えるのではなく、サカナの釣り方を教えよう,542,運のいい人と付き合う,「ゆるふわ自己啓発本」も「お金稼ぐ本」も両方この教え大好きだ。何でだろう？,167
33,魚を与えるのではなく、サカナの釣り方を教えよう,543,ホラを吹きなさい,セルフイメージを高めろ、大きいことを言え、みたいな話「矢沢永吉になりたいから全身白スーツで決めてる友人が多い。みんな粋な人生送ってるよ（笑）」っ言ってるけど、その人生クソダサい気がするぞ,177
34,読めば読むほど頭がよくなる読書術,544,1000冊読破したら怖いものはなくなる,色んな引き出しができたら、「こうなったらどうしよう」という不安がなくなるみたいな話,23
34,読めば読むほど頭がよくなる読書術,545,不平不満を言うヒマがあったら本を読め,あらゆる力は読書によって養われるから、給与の低さについて文句を言わずに本を読んで優秀な人材になれ、みたいな話。あと、日本マイクロソフトの社長は「本は10冊同時に読め！」という本を書いていてどうたらこうたら～と事例紹介されていた。このスプレッドシート内で結構つながりあるな,27
34,読めば読むほど頭がよくなる読書術,546,ベストセラーにおどらされるな,万人にウケるものなんてすぐ自分の中から消える。自分が苦しみを感じている領域とかについての本を読め,67
34,読めば読むほど頭がよくなる読書術,547,はじめは必ず入門書から読め,いきなり専門書を書いても内容が分からないから、だって。そりゃそうだ。,90
34,読めば読むほど頭がよくなる読書術,548,「パラパラ読み」をしろ,もう既にやってるわ。この本もパラパラ読みしちゃった。,94
35,自由に働くための仕事のルール,549,前倒しでキャリアを進めろ,3年分前倒しでキャリアを積んでいれば、出産育児で休暇を2年とってもまだ1年のアドバンテージがあるぞ、みたいな話,2
35,自由に働くための仕事のルール,550,上手に根回ししろ,根回ししないで新しいものを始めようとするのはナンセンスですらある、みたいな話。大きい会社の政治は大変そうだなあ、とフリーランスの僕はおとぎ話として読んだ。,22
35,自由に働くための仕事のルール,551,女性は意識して会議の仕切りをちゃんとやれ,一般に、男性よりも女性の方が会議のファシリテーションが苦手、という話。おしゃべりに終始してしまう、みたいな。まあ分からんでもない。,45
35,自由に働くための仕事のルール,552,スケジュールの三割は空白にしよう,不測の事態に対応できるように、というよくある話,80
35,自由に働くための仕事のルール,553,孤独と向き合おう,女子校出身の著者は嫌われないように、ムダなランチ会でたくさんおしゃべりしてた。けど仕事してりゃ何やってても浮くときは浮くので、気にしないでいこう、みたいな話,94
35,自由に働くための仕事のルール,554,社内をぶらぶら歩き回る「ぶらぶらマネジメント」をしよう,ヒューレットパッカードで行われていたことらしい。マネージャーがオフィスをぶらぶら歩いて、みんなに話しかけていく。軽いノリで話せる場所なので、いい情報が飛び出す,123
35,自由に働くための仕事のルール,555,構想力を磨こう,リーダーシップ能力において、有意に女性が男性に劣っていると論文で指摘されているのは「構想力」。女性は現実的なので、構想力は少ないと言われている。しかしこれは訓練で磨ける、みたいな話,144
35,自由に働くための仕事のルール,556,修羅場に飛び込もう。,スキルを磨くには修羅場がいい、みたいな話。GEには「2年で10年分のマネジメントを体験させる」という驚異の修羅場ポジションが会社として用意されているらしい。すごい世界観だ。,170
36,確実に金持ちになる「引き寄せの法則」,557,貧乏で居続けることは罪。金持ちになれ,人間は知性、精神、肉体を向上させるために生きている。そのためにはお金が必要、みたいな話。第一の教えからして既に具合悪くなってきた,24
36,確実に金持ちになる「引き寄せの法則」,558,金持ちと貧乏人の差は「引き寄せの法則」に従った行動をするかどうかだけだ,"能力も何も関係ない。「完璧な科学」である引き寄せの法則にしたがいなさい、だって。
「完璧な科学」なんてこの世に存在しないんだけどな…。ニュートン力学は相対性理論によって拡張され、相対性理論は量子論によって拡張されるんだけど。著者は「科学」を理解していないんだと思うけど。",38
36,確実に金持ちになる「引き寄せの法則」,559,宇宙はただ一つの「形を持たない生きた物質」からできている,すごい主張だ。「宇宙は、この物質が自らを余すことなく表現しようとした営みの結果作られました」だって。はいはい。,46
36,確実に金持ちになる「引き寄せの法則」,560,「形のない物質」は思考によって形のある富に変わる,"我々は形のない物質の思考によって生まれた。我々の思考によって形のない物質は形あるものに変わっていく。思考によって働きかけることができる、みたいなたわごと。

あと、”だから、この世にある金や銀やその他の資源は無限に増え続けます。思考をすれば形のない物質が富に変わっていくからです”だって。すごい主張だ。",54
36,確実に金持ちになる「引き寄せの法則」,561,疑念が生じたら振り払え。他のことを言う人には近づくな,「ただ信じればいいのです」だって。全然科学的じゃない態度……カルト宗教としては別にいいけど、これで科学を標榜してるってお前…。,60
36,確実に金持ちになる「引き寄せの法則」,562,あなたの中には神がいて、神はあなたが裕福になることを願っています。,神は成長を願っていて、だからロックフェラーは成功した。産業発展は神の願いでもある、みたいな話。はいはい。,72
36,確実に金持ちになる「引き寄せの法則」,563,欲しいものはどんなに大きくても必ず手に入ると信じること、そうすれば絶対に手に入る,具合悪い…。,87
36,確実に金持ちになる「引き寄せの法則」,564,感謝の法則というものがあります。感謝すれば必ず全てが手に入ります。,「形のない物質」とあなたの思考をつなぎとめるのは感謝の念です。不満を持ってしまったらうまくいきません、だって。,96
,,565,,,
,,566,,,
,,567,,,
,,568,,,
,,569,,,
,,570,,,
,,571,,,
,,572,,,
,,573,,,
,,574,,,
,,575,,,
,,576,,,
,,577,,,
,,578,,,
,,579,,,
,,580,,,
,,581,,,
,,582,,,
,,583,,,
,,584,,,
,,585,,,
,,586,,,
,,587,,,
,,588,,,
,,589,,,
,,590,,,
,,591,,,
,,592,,,
,,593,,,
,,594,,,
,,595,,,
,,596,,,
,,597,,,
,,598,,,
,,599,,,
,,600,,,
,,601,,,
,,602,,,
,,603,,,
,,604,,,
,,605,,,
,,606,,,
,,607,,,
,,608,,,
,,609,,,
,,610,,,
,,611,,,
,,612,,,
,,613,,,
,,614,,,
,,615,,,
,,616,,,
,,617,,,
,,618,,,
,,619,,,
,,620,,,
,,621,,,
,,622,,,
,,623,,,
,,624,,,
,,625,,,
,,626,,,
,,627,,,
,,628,,,
,,629,,,
,,630,,,
,,631,,,
,,632,,,
,,633,,,
,,634,,,
,,635,,,
,,636,,,
,,637,,,
,,638,,,
,,639,,,
,,640,,,
,,641,,,
,,642,,,
,,643,,,
,,644,,,
,,645,,,
,,646,,,
,,647,,,
,,648,,,
,,649,,,
,,650,,,
,,651,,,
,,652,,,
,,653,,,
,,654,,,
,,655,,,
,,656,,,
,,657,,,
,,658,,,
,,659,,,
,,660,,,
,,661,,,
,,662,,,
,,663,,,
,,664,,,
,,665,,,
,,666,,,
,,667,,,
,,668,,,
,,669,,,
,,670,,,
,,671,,,
,,672,,,
,,673,,,
,,674,,,
,,675,,,
,,676,,,
,,677,,,
,,678,,,
,,679,,,
,,680,,,
,,681,,,
,,682,,,
,,683,,,
,,684,,,
,,685,,,
,,686,,,
,,687,,,
,,688,,,
,,689,,,
,,690,,,
,,691,,,
,,692,,,
,,693,,,
,,694,,,
,,695,,,
,,696,,,
,,697,,,
,,698,,,
,,699,,,
,,700,,,
,,701,,,
,,702,,,
,,703,,,
,,704,,,
,,705,,,
,,706,,,
,,707,,,
,,708,,,
,,709,,,
,,710,,,
,,711,,,
,,712,,,
,,713,,,
,,714,,,
,,715,,,
,,716,,,
,,717,,,
,,718,,,
,,719,,,
,,720,,,
,,721,,,
,,722,,,
,,723,,,
,,724,,,
,,725,,,
,,726,,,
,,727,,,
,,728,,,
,,729,,,
,,730,,,
,,731,,,
,,732,,,
,,733,,,
,,734,,,
,,735,,,
,,736,,,
,,737,,,
,,738,,,
,,739,,,
,,740,,,
,,741,,,
,,742,,,
,,743,,,
,,744,,,
,,745,,,
,,746,,,
,,747,,,
,,748,,,
,,749,,,
,,750,,,
,,751,,,
,,752,,,
,,753,,,
,,754,,,
,,755,,,
,,756,,,
,,757,,,
,,758,,,
,,759,,,
,,760,,,
,,761,,,
,,762,,,
,,763,,,
,,764,,,
,,765,,,
,,766,,,
,,767,,,
,,768,,,
,,769,,,
,,770,,,
,,771,,,
,,772,,,
,,773,,,
,,774,,,
,,775,,,
,,776,,,
,,777,,,
,,778,,,
,,779,,,
,,780,,,
,,781,,,
,,782,,,
,,783,,,
,,784,,,
,,785,,,
,,786,,,
,,787,,,
,,788,,,
,,789,,,
,,790,,,
,,791,,,
,,792,,,
,,793,,,
,,794,,,
,,795,,,
,,796,,,
,,797,,,
,,798,,,
,,799,,,
,,800,,,
,,801,,,
,,802,,,
,,803,,,
,,804,,,
,,805,,,
,,806,,,
,,807,,,
,,808,,,
,,809,,,
,,810,,,
,,811,,,
,,812,,,
,,813,,,
,,814,,,
,,815,,,
,,816,,,
,,817,,,
,,818,,,
,,819,,,
,,820,,,
,,821,,,
,,822,,,
,,823,,,
,,824,,,
,,825,,,
,,826,,,
,,827,,,
,,828,,,
,,829,,,
,,830,,,
,,831,,,
,,832,,,
,,833,,,
,,834,,,
,,835,,,
,,836,,,
,,837,,,
,,838,,,
,,839,,,
,,840,,,
,,841,,,
,,842,,,
,,843,,,
,,844,,,
,,845,,,
,,846,,,
,,847,,,
,,848,,,
,,849,,,
,,850,,,
,,851,,,
,,852,,,
,,853,,,
,,854,,,
,,855,,,
,,856,,,
,,857,,,
,,858,,,
,,859,,,
,,860,,,
,,861,,,
,,862,,,
,,863,,,
,,864,,,
,,865,,,
,,866,,,
,,867,,,
,,868,,,
,,869,,,
,,870,,,
,,871,,,
,,872,,,
,,873,,,
,,874,,,
,,875,,,
,,876,,,
,,877,,,
,,878,,,
,,879,,,
,,880,,,
,,881,,,
,,882,,,
,,883,,,
,,884,,,
,,885,,,
,,886,,,
,,887,,,
,,888,,,
,,889,,,
,,890,,,
,,891,,,
,,892,,,
,,893,,,
,,894,,,
,,895,,,
,,896,,,
,,897,,,
,,898,,,
,,899,,,
,,900,,,
,,901,,,
,,902,,,
,,903,,,
,,904,,,
,,905,,,
,,906,,,
,,907,,,
,,908,,,
,,909,,,
,,910,,,
,,911,,,
,,912,,,
,,913,,,
,,914,,,
,,915,,,
,,916,,,
,,917,,,
,,918,,,
,,919,,,
,,920,,,
,,921,,,
,,922,,,
,,923,,,
,,924,,,
,,925,,,
,,926,,,
,,927,,,
,,928,,,
,,929,,,
,,930,,,
,,931,,,
,,932,,,
,,933,,,
,,934,,,
,,935,,,
,,936,,,
,,937,,,
,,938,,,
,,939,,,
,,940,,,
,,941,,,
,,942,,,
,,943,,,
,,944,,,
,,945,,,